scope,series_type,label,adds,removes,net_apps,total_moves,sample_apps
all-games,raw-genre,Early Access,135,156,-21,291,"A.L.A.R.M. - Autistic Lovely Assassins Rise of the Matriarchy, Cube Kingdoms, Draw Steel"
all-games,raw-genre,Indie,119,40,79,159,"All Will Fall, Fear Faith, Power Of The Horde"
all-games,raw-genre,Casual,92,52,40,144,"Chrono Vanguard: Primal Survival - Dinosaur, Hydra TD, Kin and Quarry"
all-games,raw-genre,Adventure,85,37,48,122,"4 Penny Coffins, Chrono Vanguard: Primal Survival - Dinosaur, Luminids"
all-games,raw-genre,Free to Play,78,37,41,115,"DEADLINE DELIVERY, Depths Of Horror: Mushroom Day, Demetrios - The BIG Cynical Adventure"
all-games,raw-genre,Simulation,63,49,14,112,"Hydra TD, Power Of The Horde, Crow Forest: New World"
all-games,raw-genre,Action,65,39,26,104,"Fear Faith, I Know a Guy: Shady Life Simulator, SANITY"
all-games,raw-genre,Strategy,57,35,22,92,"Keyboard Warrior: Dreamstate Prologue, Question Roulette, AM I HERE?"
all-games,raw-genre,RPG,49,35,14,84,"Power Of The Horde, SANITY, Veldrak: Dark Revenant"
all-games,raw-genre,Massively Multiplayer,11,14,-3,25,"封魔剑魂, Madnessarum, Bring the Thing!"
all-games,raw-genre,Racing,9,8,1,17,"DisGo, Beat For Speed, Go-Kart Simulator"
all-games,raw-genre,Sports,8,7,1,15,"Drift Empire, RACCOIN: Coin Pusher Roguelike, Rhell: Warped Worlds & Troubled Times"
all-games,raw-genre,Violent,0,3,-3,3,"Hollow, Mastema: Out of Hell, Titanic: Adventure Out Of Time"
all-games,raw-genre,Nudity,0,2,-2,2,"Hollow, Tender Loving Care"
all-games,raw-genre,Accounting,0,1,-1,1,Tender Loving Care
all-games,raw-genre,Audio Production,0,1,-1,1,Tender Loving Care
all-games,raw-genre,Gore,0,1,-1,1,Hollow
all-games,raw-genre,Sexual Content,0,1,-1,1,Tender Loving Care
all-games,raw-genre,Utilities,1,0,1,1,Shadowforge
all-games,raw-genre,Video Production,1,0,1,1,Shadowforge
all-games,raw-tag,Indie,112,79,33,191,"4 Penny Coffins, Fear Faith, One More 6ix"
all-games,raw-tag,Singleplayer,104,79,25,183,"Before the Silence Claims: In Absentia, My Horny Roomies, Ovidius (Blood for Love)"
all-games,raw-tag,Adventure,50,74,-24,124,"4 Penny Coffins, Bootstrap, Chrono Vanguard: Primal Survival - Dinosaur"
all-games,raw-tag,Early Access,59,63,-4,122,"Game Saloon Simulator, Ignarus, Jupiter"
all-games,raw-tag,Casual,60,55,5,115,"Biped 2, Chrono Vanguard: Primal Survival - Dinosaur, Explodey Towers"
all-games,raw-tag,Action,48,51,-3,99,"Drunkslop: Pub crawl COOP, Fear Faith, Power Of The Horde"
all-games,raw-tag,3D,41,49,-8,90,"Before the Silence Claims: In Absentia, Depths Of Horror: Mushroom Day, Moving Day: Make It Home"
all-games,raw-tag,Atmospheric,58,29,29,87,"Drunkslop: Pub crawl COOP, Quack Hunters, Sanechek: Lost Coins"
all-games,raw-tag,Colorful,46,41,5,87,"Black Hole Fishing, Drunkslop: Pub crawl COOP, OddFauna : Secret of the Terrabeast"
all-games,raw-tag,Simulation,40,38,2,78,"Hydra TD, Quack Hunters, Subliminal"
all-games,raw-tag,Stylized,43,33,10,76,"Drunkslop: Pub crawl COOP, Luminids, Quack Hunters"
all-games,raw-tag,Multiplayer,45,29,16,74,"Depths Of Horror: Mushroom Day, One More 6ix, With Me: Aquatic Time"
all-games,raw-tag,RPG,41,28,13,69,"Power Of The Horde, Pretty Girl Puzzle · Summer Phantom, Purgatory Survivors"
all-games,raw-tag,Cute,35,33,2,68,"Pretty Girl Puzzle · Summer Phantom, With Me: Aquatic Time, Xenonauts 2"
all-games,raw-tag,Strategy,37,30,7,67,"Subliminal, 矮人炮弹 Dwarven Cannonball, 100FRIENDS"
all-games,raw-tag,Choices Matter,36,30,6,66,"Don't Mind the Robots, Purgatory Survivors, Silent Orbits"
all-games,raw-tag,Combat,33,32,1,65,"Explodey Towers, Ovidius (Blood for Love), Power Of The Horde"
all-games,raw-tag,Fantasy,32,33,-1,65,"Bootstrap, Dread Admiral, Eternal Hunger"
all-games,raw-tag,Exploration,36,28,8,64,"Quack Hunters, The Posthumous Investigation, AIKO: AI Girlfriend 3D Life Sim"
all-games,raw-tag,Action-Adventure,27,36,-9,63,"七神器, Miner Open Chests, Miss Neko 3"
all-games,raw-tag,Retro,37,23,14,60,"七神器, 封魔剑魂, Purgatory Survivors"
all-games,raw-tag,Story Rich,38,20,18,58,"Ovidius (Blood for Love), TEKKEN 8, Xenonauts 2"
all-games,raw-tag,Co-op,34,24,10,58,"Car Rental Simulator: Prologue - Early Days, Depths Of Horror: Mushroom Day, Echoes of Aincrad"
all-games,raw-tag,Relaxing,32,26,6,58,"One More 6ix, Pretty Girl Puzzle · Summer Phantom, AIKO: AI Girlfriend 3D Life Sim"
all-games,raw-tag,2D,30,27,3,57,"Pretty Girl Puzzle · Summer Phantom, The Posthumous Investigation, Xenonauts 2"
all-games,raw-tag,Free to Play,40,14,26,54,"Bio Inc. Redemption, 封魔剑魂, Astroloco: Worst Contact"
all-games,raw-tag,Funny,30,23,7,53,"One More 6ix, POJANGMACHA : Korean Street Food Management Simulator, Quack Hunters"
all-games,raw-tag,Dark,27,24,3,51,"The Floor Above, Black Jacket, Brno Transit"
all-games,raw-tag,Arcade,32,16,16,48,"FZ: Formation Z, One More 6ix, Zigdig"
all-games,raw-tag,Comedy,24,24,0,48,"Drunkslop: Pub crawl COOP, Quack Hunters, Sanechek: Lost Coins"
all-games,raw-tag,Puzzle,27,20,7,47,"Before the Silence Claims: In Absentia, Bootstrap, Pretty Girl Puzzle · Summer Phantom"
all-games,raw-tag,Controller,25,22,3,47,"Culdcept The First Saturn Tribute, Fallen Tear: The Ascension, Fear Faith"
all-games,raw-tag,PvE,27,19,8,46,"Biped 2, Dread Admiral, Explodey Towers"
all-games,raw-tag,Difficult,32,12,20,44,"Biped 2, Fallen Tear: The Ascension, Keep the Balance"
all-games,raw-tag,Character Customization,29,15,14,44,"Grave Seasons, Power Of The Horde, Quack Hunters"
all-games,raw-tag,Pixel Graphics,22,22,0,44,"Fear Faith, One More 6ix, Zigdig"
all-games,raw-tag,Top-Down,28,15,13,43,"Chess Kingdom, polity, Divine Orbit"
all-games,raw-tag,Sci-fi,23,20,3,43,"Chronos Trap in Time, Clockwillows™ Voy Quest, Zigdig"
all-games,raw-tag,Hentai,28,14,14,42,"Multiplier Goblin, Pretty Girl Puzzle · Summer Phantom, Taimanin Squad"
all-games,raw-tag,Roguelite,27,15,12,42,"Xenonauts 2, Zigdig, Don't Mind the Robots"
all-games,raw-tag,Tactical,21,21,0,42,"Explodey Towers, One More 6ix, Power Of The Horde"
all-games,raw-tag,Family Friendly,22,19,3,41,"Biped 2, Black Hole Fishing, OddFauna : Secret of the Terrabeast"
all-games,raw-tag,Roguelike,22,19,3,41,"Drunkslop: Pub crawl COOP, Eternal Hunger, 七神器"
all-games,raw-tag,Physics,27,13,14,40,"Drunkslop: Pub crawl COOP, Quack Hunters, Underwater Duo"
all-games,raw-tag,Online Co-Op,25,15,10,40,"Fortune Avenue, Madnessarum, Tank Havoc"
all-games,raw-tag,Resource Management,21,19,2,40,"OddFauna : Secret of the Terrabeast, Zigdig, Go-Kart Simulator"
all-games,raw-tag,Action Roguelike,20,20,0,40,"Chronos Trap in Time, 七神器, 胶囊军团"
all-games,raw-tag,Survival,26,13,13,39,"Drunkslop: Pub crawl COOP, Quack Hunters, Frontier Ferris For Adventurers"
all-games,raw-tag,Sexual Content,24,15,9,39,"DEAD OR ALIVE 6 Last Round, Magic: The Gathering Arena, The Witch's Disciples"
all-games,raw-tag,Artificial Intelligence,23,16,7,39,"Jokerina: Lust Card, Tomorrow's Love Puzzle, Bloody Rally Show"
all-games,raw-tag,First-Person,21,17,4,38,"Before the Silence Claims: In Absentia, Drunkslop: Pub crawl COOP, Quack Hunters"
all-games,raw-tag,Psychological Horror,22,15,7,37,"One More 6ix, Time To Wake Up, Black Jacket"
all-games,raw-tag,Multiple Endings,20,17,3,37,"Before the Silence Claims: In Absentia, Ovidius (Blood for Love), Brno Transit"
all-games,raw-tag,Horror,24,12,12,36,"Quack Hunters, The Floor Above, Xenonauts 2"
all-games,raw-tag,Management,23,13,10,36,"Power Of The Horde, Dread Admiral, Rooftop Garden"
all-games,raw-tag,Realistic,19,17,2,36,"The Floor Above, World of Warships, Madnessarum"
all-games,raw-tag,Third Person,20,14,6,34,"Nested Lands, Pigeon: A Love Story, BROKEN SOUL : Boss Rush"
all-games,raw-tag,Cartoony,19,15,4,34,"Black Hole Fishing, Pretty Girl Puzzle · Summer Phantom, Xenonauts 2"
all-games,raw-tag,Inventory Management,17,17,0,34,"Eternal Hunger, Global City, Gobocore: Goblin Rescue Squad "
all-games,raw-tag,Sandbox,17,17,0,34,"Nested Lands, 封魔剑魂, Global City"
all-games,raw-tag,Action RPG,13,20,-7,33,"Chronos Trap in Time, Power Of The Horde, Purgatory Survivors"
all-games,raw-tag,Cozy,22,10,12,32,"With Me: Aquatic Time, Rooftop Garden, Little Fires"
all-games,raw-tag,Procedural Generation,20,12,8,32,"Black Hole Fishing, Explodey Towers, Moving Day: Make It Home"
all-games,raw-tag,Minimalist,19,13,6,32,"Harpoon Arena, Terrafactory: Idle Planet, Dodge-imals"
all-games,raw-tag,Building,14,18,-4,32,"OddFauna : Secret of the Terrabeast, Power Of The Horde, 矮人炮弹 Dwarven Cannonball"
all-games,raw-tag,Immersive Sim,14,18,-4,32,"Before the Silence Claims: In Absentia, POJANGMACHA : Korean Street Food Management Simulator, Tavern Legends"
all-games,raw-tag,Drama,15,17,-2,32,"Darker: Chapter 1, Sanechek: Lost Coins, Subliminal"
all-games,raw-tag,Medieval,20,11,9,31,"Explodey Towers, Fear Faith, Power Of The Horde"
all-games,raw-tag,Mystery,19,12,7,31,"Before the Silence Claims: In Absentia, The Floor Above, ROGOLF"
all-games,raw-tag,Gambling,5,25,-20,30,"Grand Gammon, Joker Madness 🃏, Slots & Diapers"
all-games,raw-tag,Clicker,18,12,6,30,"Pretty Girl Puzzle · Summer Phantom, With Me: Aquatic Time, Rooftop Garden"
all-games,raw-tag,Interactive Fiction,18,12,6,30,"Come to my party!, Seven Nights In The Dark, Streetlight Syndicate"
all-games,raw-tag,Female Protagonist,17,13,4,30,"Darker: Chapter 1, AIKO: AI Girlfriend 3D Life Sim, Island of Giant Trees"
all-games,raw-tag,Open World,15,15,0,30,"Komadori Inn, OddFauna : Secret of the Terrabeast, Brno Transit"
all-games,raw-tag,Bullet Hell,21,8,13,29,"Chronos Trap in Time, Explodey Towers, Corner Clash"
all-games,raw-tag,Nature,12,17,-5,29,"Black Hole Fishing, With Me: Aquatic Time, The Worlds of Narayana VR"
all-games,raw-tag,Dark Fantasy,14,15,-1,29,"Eternal Hunger, Xenonauts 2, Telluria: Forebodings"
all-games,raw-tag,Linear,9,19,-10,28,"Biped 2, Conviction, Quaxum Color Mayhem"
all-games,raw-tag,Crafting,11,17,-6,28,"100FRIENDS, Divide TCG, Dodge-imals"
all-games,raw-tag,3D Platformer,12,16,-4,28,"Sanechek: Lost Coins, 胶囊军团, Cheat Line"
all-games,raw-tag,Souls-like,12,16,-4,28,"FATAL FRAME II: Crimson Butterfly REMAKE, Miss Neko 3, DODORI"
all-games,raw-tag,LGBTQ+,15,13,2,28,"SILENT HILL: Townfall, Squeakross: Home Squeak Home, Five Nights at Freddy's: Help Wanted 2"
all-games,raw-tag,Turn-Based Tactics,14,14,0,28,"星火燎原, 100FRIENDS, The Bed Above My Head"
all-games,raw-tag,Cinematic,16,11,5,27,"Before the Silence Claims: In Absentia, Love vs Lust: The story of a Gigolo, Tomorrow's Love Puzzle"
all-games,raw-tag,Emotional,16,11,5,27,"POJANGMACHA : Korean Street Food Management Simulator, Sanechek: Lost Coins, AIKO: AI Girlfriend 3D Life Sim"
all-games,raw-tag,Magic,15,12,3,27,"Clockwillows™ Voy Quest, Shape of Dreams, Indignum"
all-games,raw-tag,Local Multiplayer,16,10,6,26,"サンリオキャラクターズ スマッシュフェスタ！, FiresOut!, Field of Heroes"
all-games,raw-tag,Violent,7,18,-11,25,"CardForge, Fear Faith, HOLY Intentions"
all-games,raw-tag,Hack and Slash,17,8,9,25,"封魔剑魂, Crazy odyssey, Rogue Drone Hunter"
all-games,raw-tag,PvP,16,9,7,25,"This Is Golf, 矮人炮弹 Dwarven Cannonball, Dodge-imals"
all-games,raw-tag,Turn-Based Strategy,15,10,5,25,"Eternal Hunger, 13 柱庭 Cabal 13, Black Jacket"
all-games,raw-tag,Cartoon,11,14,-3,25,"Bust Evolution: Bunnygirl VIP Paizuri！, Squeakross: Home Squeak Home, Dodge-imals"
all-games,raw-tag,Gore,11,14,-3,25,"CardForge, Fear Faith, Nested Lands"
all-games,raw-tag,Lore-Rich,15,9,6,24,"Before the Silence Claims: In Absentia, Sanechek: Lost Coins, The Floor Above"
all-games,raw-tag,Surreal,15,9,6,24,"Chronos Trap in Time, Xenonauts 2, Consumables"
all-games,raw-tag,Dungeon Crawler,13,11,2,24,"Eternal Hunger, 封魔剑魂, 100FRIENDS"
all-games,raw-tag,Futuristic,13,11,2,24,"Telluria: Forebodings, DODORI, Rogue Drone Hunter"
all-games,raw-tag,Nudity,13,11,2,24,"TEKKEN 8, The Witch's Disciples, 潔姊不要停"
all-games,raw-tag,Survival Horror,11,13,-2,24,"Before the Silence Claims: In Absentia, Nested Lands, Subliminal"
all-games,raw-tag,Hand-drawn,12,12,0,24,"OddFauna : Secret of the Terrabeast, The Posthumous Investigation, Rogue Drone Hunter"
all-games,raw-tag,Base Building,16,7,9,23,"Global City, Prophet Margin, 矮人炮弹 Dwarven Cannonball"
all-games,raw-tag,Score Attack,13,10,3,23,"FZ: Formation Z, Underwater Duo, Zigdig"
all-games,raw-tag,Life Sim,11,12,-1,23,"Nested Lands, Sanechek: Lost Coins, Terrafactory: Idle Planet"
all-games,raw-tag,Loot,14,8,6,22,"Explodey Towers, Power Of The Horde, Crazy odyssey"
all-games,raw-tag,Old School,14,8,6,22,"Clockwillows™ Voy Quest, FZ: Formation Z, Power Of The Horde"
all-games,raw-tag,Psychological,13,9,4,22,"Pigeon: A Love Story, アニマロイドガール, Abyss Chamber"
all-games,raw-tag,Point & Click,12,10,2,22,"Sanechek: Lost Coins, The Posthumous Investigation, Slots & Diapers"
all-games,raw-tag,Party Game,15,6,9,21,"Chaos Budz, This Is Golf, Dodge-imals"
all-games,raw-tag,Platformer,14,7,7,21,"Biped 2, Sanechek: Lost Coins, Chaos Budz"
all-games,raw-tag,Choose Your Own Adventure,9,12,-3,21,"Drunkslop: Pub crawl COOP, Sanechek: Lost Coins, Come to my party!"
all-games,raw-tag,1990's,10,11,-1,21,"Culdcept The First Saturn Tribute, Fear Faith, 100FRIENDS"
all-games,raw-tag,NSFW,18,2,16,20,"Pretty Girl Puzzle · Summer Phantom, AIKO: AI Girlfriend 3D Life Sim, The Ghost’s Intimate Cure"
all-games,raw-tag,Job Simulator,17,3,14,20,"Kinny and the Cosmic Cauldron, Extreme Forklifting 3, 86'd"
all-games,raw-tag,Replay Value,14,6,8,20,"Zigdig, Joker Madness 🃏, Shape of Dreams"
all-games,raw-tag,Anime,9,11,-2,20,"サンリオキャラクターズ スマッシュフェスタ！, Come to my party!, DODORI"
all-games,raw-tag,Economy,9,11,-2,20,"Canter Cove, Idle AI Factory, Market Moe"
all-games,raw-tag,Fast-Paced,11,9,2,20,"Zigdig, Shape of Dreams, Indoor Baseball"
all-games,raw-tag,Dark Humor,10,10,0,20,"One More 6ix, Xenonauts 2, Blank Slate"
all-games,raw-tag,FPS,8,11,-3,19,"Car Rental Simulator: Prologue - Early Days, Cheat Line, Scientific project: Optic"
all-games,raw-tag,Isometric,9,10,-1,19,"Culdcept The First Saturn Tribute, Malhaar, Shadowstalk"
all-games,raw-tag,Demons,6,12,-6,18,"封魔剑魂, Indignum, Lands of Fury"
all-games,raw-tag,Text-Based,11,7,4,18,"Love vs Lust: The story of a Gigolo, The Vault, Under Protocol"
all-games,raw-tag,Thriller,11,7,4,18,"Before the Silence Claims: In Absentia, The Floor Above, Under Protocol"
all-games,raw-tag,2D Platformer,8,10,-2,18,"Eternal Hunger, FZ: Formation Z, BROKEN SOUL : Boss Rush"
all-games,raw-tag,Collectathon,10,8,2,18,"OddFauna : Secret of the Terrabeast, With Me: Aquatic Time, Rotminers"
all-games,raw-tag,Shooter,8,10,-2,18,"Hyperlane Highway, KeepUp Survival, Fright Train"
all-games,raw-tag,Turn-Based Combat,10,8,2,18,"Eternal Hunger, 13 柱庭 Cabal 13, The Bed Above My Head"
all-games,raw-tag,Cyberpunk,13,4,9,17,"Fall in Flowers - フォール イン フラワーズ, Game Settings, 驱入虚空"
all-games,raw-tag,Idler,12,5,7,17,"Crazy odyssey, CropChampion, Limitless Survivors"
all-games,raw-tag,Logic,5,12,-7,17,"The Noble Quran, The Posthumous Investigation, Joker Madness 🃏"
all-games,raw-tag,Romance,12,5,7,17,"Ovidius (Blood for Love), Xenonauts 2, Mermaids are Seafood"
all-games,raw-tag,Space,5,12,-7,17,"Zigdig, Redline JDM Drift, Omen"
all-games,raw-tag,Investigation,11,6,5,17,"Subliminal, Case File: Archived 3:12AM, Scientific project: Optic"
all-games,raw-tag,Narration,11,6,5,17,"Bootstrap, Sanechek: Lost Coins, The Worlds of Narayana VR"
all-games,raw-tag,Post-apocalyptic,10,7,3,17,"Xenonauts 2, A Toast for the End Times, UP TO THE SKY"
all-games,raw-tag,Auto Battler,9,8,1,17,"Explodey Towers, Hydra TD, Joker Madness 🃏"
all-games,raw-tag,Precision Platformer,9,8,1,17,"4Wheel Challenge, Friendly Steps, Bunny Guys!"
all-games,raw-tag,Walking Simulator,8,9,-1,17,"Before the Silence Claims: In Absentia, The Floor Above, Island of Giant Trees"
all-games,raw-tag,Conversation,11,5,6,16,"Sanechek: Lost Coins, Jokerina: Lust Card, Tomorrow's Love Puzzle"
all-games,raw-tag,Real Time Tactics,5,11,-6,16,"Divine Orbit, Tank Havoc, 矮人炮弹 Dwarven Cannonball"
all-games,raw-tag,War,9,7,2,16,"Power Of The Horde, Riftborne, SIRENS"
all-games,raw-tag,Shoot 'Em Up,4,11,-7,15,"Divine Orbit, 胶囊军团, 100FRIENDS"
all-games,raw-tag,Dating Sim,10,5,5,15,"Pretty Girl Puzzle · Summer Phantom, Jokerina: Lust Card, Come to my party!"
all-games,raw-tag,Great Soundtrack,10,5,5,15,"Before the Silence Claims: In Absentia, Arcadia Cafe, Beats Of Fury"
all-games,raw-tag,Perma Death,10,5,5,15,"Eternal Hunger, Rotminers, Absorber: Absorb Adapt Survive"
all-games,raw-tag,Hidden Object,6,9,-3,15,"The Floor Above, Cozy Cleaner, Miner Open Chests"
all-games,raw-tag,Stealth,9,6,3,15,"Madnessarum, Helluva Heist, HUSHED"
all-games,raw-tag,Visual Novel,9,6,3,15,"Pretty Girl Puzzle · Summer Phantom, AIKO: AI Girlfriend 3D Life Sim, The Worlds of Narayana VR"
all-games,raw-tag,Abstract,8,7,1,15,"Joker Madness 🃏, Warnet, Pillars of Sorrow"
all-games,raw-tag,Local Co-Op,8,7,1,15,"Underwater Duo, NBA 2K26, ONE PIECE Bounty Rush"
all-games,raw-tag,Massively Multiplayer,7,8,-1,15,"封魔剑魂, Fortune Avenue, Global City"
all-games,raw-tag,Supernatural,9,5,4,14,"The Floor Above, The Posthumous Investigation, The Worlds of Narayana VR"
all-games,raw-tag,2.5D,8,6,2,14,"FZ: Formation Z, Pop!chinko, Ink Inside"
all-games,raw-tag,Sports,6,8,-2,14,"DODORI, Redline JDM Drift, Row Divers"
all-games,raw-tag,VR,8,6,2,14,"Subliminal, The Worlds of Narayana VR, Attack on Titan 2 - A.O.T.2"
all-games,raw-tag,Side Scroller,7,7,0,14,"Fallen Tear: The Ascension, FZ: Formation Z, Little Fires"
all-games,raw-tag,Time Management,7,7,0,14,"With Me: Aquatic Time, What'Sub, Idle AI Factory"
all-games,raw-tag,Zombies,7,7,0,14,"UP TO THE SKY, KeepUp Survival, Fading Faith"
all-games,raw-tag,Deckbuilding,11,2,9,13,"七神器, Divide TCG, Pop!chinko"
all-games,raw-tag,Mature,11,2,9,13,"My Horny Roomies, Ovidius (Blood for Love), Pretty Girl Puzzle · Summer Phantom"
all-games,raw-tag,Automation,9,4,5,13,"Tower Networking Inc., Divine Orbit, Arcaneering: Beyond Automation"
all-games,raw-tag,Dystopian,4,9,-5,13,"Mad Metal, アニマロイドガール, Cheat Line"
all-games,raw-tag,Quick-Time Events,2,10,-8,12,"Ovidius (Blood for Love), Blind Descent, The Beast Inside"
all-games,raw-tag,Arena Shooter,9,3,6,12,"Dodge-imals, Mech Survivor Elite, Torch of Shadows"
all-games,raw-tag,Racing,3,9,-6,12,"DisGo, Animal Falling, Bunny Guys!"
all-games,raw-tag,Tactical RPG,9,3,6,12,"Xenonauts 2, The Specimen, Battle Brewers"
all-games,raw-tag,Grid-Based Movement,8,4,4,12,"BROKEN SOUL : Boss Rush, The Bed Above My Head, Project - Labyrinth"
all-games,raw-tag,Otome,4,8,-4,12,"Darker: Chapter 1, Sanechek: Lost Coins, Deathwish Bloom"
all-games,raw-tag,Shop Keeper,8,4,4,12,"POJANGMACHA : Korean Street Food Management Simulator, Rooftop Garden, Blank Slate"
all-games,raw-tag,Short,8,4,4,12,"One More 6ix, Raider Kid and the Ruby Chest, Tiny: The Last Wayfinder"
all-games,raw-tag,Roguelike Deckbuilder,7,5,2,12,"ROGOLF, Black Jacket, Pop!chinko"
all-games,raw-tag,Level Editor,6,6,0,12,"The Secret Story, 戚继光 Qi Jiguang: Art of War, Aimlabs"
all-games,raw-tag,Bullet Time,8,3,5,11,"Last Dawn: Helios, Master of Chaos, Zombie Self-Cultivation"
all-games,raw-tag,Top-Down Shooter,4,7,-3,11,"Zigdig, 100FRIENDS, Lands of Fury"
all-games,raw-tag,Twin Stick Shooter,7,4,3,11,"IRON SHADOW : Survival Protocol, Rogue Drone Hunter, Tank Havoc"
all-games,raw-tag,Education,5,6,-1,11,"Chess Kingdom, With Me: Aquatic Time, MoonNight Shift"
all-games,raw-tag,Historical,5,6,-1,11,"The Posthumous Investigation, Tokatonton: One-Armed Blacksmith, 长干里酒吧"
all-games,raw-tag,Party-Based RPG,5,6,-1,11,"North Hunt, 100FRIENDS, Lootbane"
all-games,raw-tag,Team-Based,6,5,1,11,"Dodge-imals, Tank Havoc, What'Sub"
all-games,raw-tag,Music,9,1,8,10,"With Me: Aquatic Time, Rizuhuritan! Rhythmic Flip (Re)Turn, Dewdrop"
all-games,raw-tag,Creature Collector,8,2,6,10,"Nested Lands, UP TO THE SKY, Horse Runner DX"
all-games,raw-tag,Destruction,2,8,-6,10,"Zigdig, Gobocore: Goblin Rescue Squad , Streets of Miami VR"
all-games,raw-tag,Narrative,8,2,6,10,"Ovidius (Blood for Love), Love vs Lust: The story of a Gigolo, Come to my party!"
all-games,raw-tag,Aliens,3,7,-4,10,"Zigdig, Stamperor! The Jester's Decree, The Specimen"
all-games,raw-tag,Turn-Based,7,3,4,10,"Xenonauts 2, Dread Admiral, Black Jacket"
all-games,raw-tag,Cooking,6,4,2,10,"POJANGMACHA : Korean Street Food Management Simulator, AIKO: AI Girlfriend 3D Life Sim, Kinny and the Cosmic Cauldron"
all-games,raw-tag,Nonlinear,4,6,-2,10,"Xenonauts 2, The Vault, Arcadia Cafe"
all-games,raw-tag,Third-Person Shooter,6,4,2,10,"胶囊军团, Master of Chaos, Streets of Miami VR"
all-games,raw-tag,Trading,4,6,-2,10,"Double Dealers, Fantasy Ore Shop, Rooftop Garden"
all-games,raw-tag,Co-op Campaign,5,5,0,10,"FiresOut!, Dark Age Dinos, Hello World"
all-games,raw-tag,Comic Book,5,5,0,10,"Xenonauts 2, DODORI, Master of Chaos"
all-games,raw-tag,Tabletop,5,5,0,10,"Double Dealers, 卜卦 / Divination, Snooker Billiard"
all-games,raw-tag,Card Game,8,1,7,9,"Frostrain 2, Fortune Avenue, Project - Labyrinth"
all-games,raw-tag,Wholesome,7,2,5,9,"With Me: Aquatic Time, Cozy Cleaner, Tiny Ducks: Desktop Bath"
all-games,raw-tag,2D Fighter,3,6,-3,9,"封魔剑魂, BROKEN SOUL : Boss Rush, Gladiatory"
all-games,raw-tag,Military,3,6,-3,9,"胶囊军团, DODORI, Quaxum Color Mayhem"
all-games,raw-tag,MMORPG,6,3,3,9,"polity, Crazy odyssey, MMORPG Tycoon 2"
all-games,raw-tag,Tower Defense,6,3,3,9,"矮人炮弹 Dwarven Cannonball, Warnet, END US"
all-games,raw-tag,City Builder,4,5,-1,9,"Nested Lands, Cozy Cleaner, Copacetic"
all-games,raw-tag,Noir,4,5,-1,9,"Black Jacket, アニマロイドガール, Judge SIM"
all-games,raw-tag,Parkour,5,4,1,9,"Animal Falling, Chaos Budz, Good Luck"
all-games,raw-tag,Political,5,4,1,9,"Under Protocol, Life is Strange: Reunion, Hope in the City"
all-games,raw-tag,Robots,5,4,1,9,"DIESELDOME: Oil & Blood, Fall in Flowers - フォール イン フラワーズ, Zap Blastum"
all-games,raw-tag,Vehicular Combat,4,5,-1,9,"World of Warships, Harpoon Arena, Extreme Forklifting 3"
all-games,raw-tag,Wargame,4,5,-1,9,"Power Of The Horde, Warnet, Virtualord, The Virtual Conqueror"
all-games,raw-tag,Driving,7,1,6,8,"Tank Havoc, Friendly Steps, SIRENS"
all-games,raw-tag,Mythology,2,6,-4,8,"BROKEN SOUL : Boss Rush, Anant Express, UP TO THE SKY"
all-games,raw-tag,Agriculture,3,5,-2,8,"Chop Chains, Prophet Margin, Souls of the Dead"
all-games,raw-tag,Board Game,3,5,-2,8,"Chess Kingdom, 矮人炮弹 Dwarven Cannonball, Cartapli : Fold Quest"
all-games,raw-tag,Capitalism,3,5,-2,8,"Tokatonton: One-Armed Blacksmith, Market Moe, Streets of Miami VR"
all-games,raw-tag,Immersive,5,3,2,8,"With Me: Aquatic Time, Scenic, Little Houses of Bloomwood"
all-games,raw-tag,Puzzle Platformer,5,3,2,8,"Dev_Null’s Tower, Scientific project: Optic, Arenion"
all-games,raw-tag,Tutorial,3,5,-2,8,"Chop Chains, The Worlds of Narayana VR, My Pet Hooligan"
all-games,raw-tag,Cats,4,4,0,8,"With Me: Aquatic Time, Frontier Ferris For Adventurers, Puzzling Places - 3D Jigsaw Sim"
all-games,raw-tag,Political Sim,4,4,0,8,"Judge SIM, Crown Of Hispania, Second Chance at a Billion"
all-games,raw-tag,Soundtrack,4,4,0,8,"Stamperor! The Jester's Decree, 成为皇帝！我的万亿美女星球帝国, PomoTrain: Rabbit Town"
all-games,raw-tag,Competitive,6,1,5,7,"Dark Roll 2, Project X: Light Years, Drag Racing 3D: Streets 2"
all-games,raw-tag,Memes,6,1,5,7,"Joker Madness 🃏, KunKunNest, NeNeKoNeKo"
all-games,raw-tag,1980s,5,2,3,7,"Streets of Miami VR, An Odd Walk: Shinjuku Alley, BROTANK"
all-games,raw-tag,Card Battler,5,2,3,7,"Abyss Deck, STAB!, THORNSPELL"
all-games,raw-tag,Crime,5,2,3,7,"The Posthumous Investigation, Veils of the Past, Hope in the City"
all-games,raw-tag,Mining,5,2,3,7,"Zigdig, Space Stone Smashing Simulator, Idle AI Factory"
all-games,raw-tag,Science,2,5,-3,7,"Circuit Artist, FULL METAL COFFIN, Neolithic Dawn"
all-games,raw-tag,Software,5,2,3,7,"Chess Kingdom, 卜卦 / Divination, My Little Someone"
all-games,raw-tag,3D Fighter,4,3,1,7,"Streets of Miami VR, 樱梦海, Elementers"
all-games,raw-tag,4X,3,4,-1,7,"Power Of The Horde, Three Kingdoms : Alias, Poly Kingdom: Siege"
all-games,raw-tag,Alternate History,4,3,1,7,"Before the Silence Claims: In Absentia, Under Protocol, DIESELDOME: Oil & Blood"
all-games,raw-tag,eSports,3,4,-1,7,"Tank Havoc, DODORI, Track Day: From Street to Circuit"
all-games,raw-tag,God Game,3,4,-1,7,"Bio Inc. Redemption, Extinction Day, MMORPG Tycoon 2"
all-games,raw-tag,Psychedelic,3,4,-1,7,"DICEASTER, The Assessment, DopeNet"
all-games,raw-tag,Runner,4,3,1,7,"UP TO THE SKY, Rotminers, Code Velocity"
all-games,raw-tag,Strategy RPG,3,4,-1,7,"Power Of The Horde, Explosive Track - Crazy Action Arcade Racing, Last Warrior Arena"
all-games,raw-tag,Modern,5,1,4,6,"Territorial Conquest, Empyrean Defense, Teachers. With Love and Passion."
all-games,raw-tag,Asynchronous Multiplayer,4,2,2,6,"One More 6ix, The Vault, 矮人炮弹 Dwarven Cannonball"
all-games,raw-tag,Beat 'em up,2,4,-2,6,"Explosive Track - Crazy Action Arcade Racing, Marsh Into the New Dimension, Super Chaos"
all-games,raw-tag,Colony Sim,4,2,2,6,"Nested Lands, Crown of Greed, GlagStone"
all-games,raw-tag,Combat Racing,4,2,2,6,"Redline JDM Drift, Hyperlane Highway, Garfield Kart 2 - All You Can Drift"
all-games,raw-tag,Farming Sim,4,2,2,6,"Black Hole Fishing, Rooftop Garden, Frog Island"
all-games,raw-tag,Philosophical,4,2,2,6,"Pigeon: A Love Story, アニマロイドガール, Scientific project: Optic"
all-games,raw-tag,RTS,2,4,-2,6,"矮人炮弹 Dwarven Cannonball, Extinction Day, Crown Of Hispania"
all-games,raw-tag,Traditional Roguelike,4,2,2,6,"Chronos Trap in Time, Explodey Towers, Pop!chinko"
all-games,raw-tag,3D Vision,3,3,0,6,"Rotminers, 4Wheel Challenge, SILENCY"
all-games,raw-tag,Dragons,3,3,0,6,"Indignum, Teddy's Haven - A Fantasy Inspired Shop Simulator, Tears of Adria"
all-games,raw-tag,Metroidvania,3,3,0,6,"YanYueDao Kill, Fading Faith, HYDROPUNK"
all-games,raw-tag,Mystery Dungeon,3,3,0,6,"The Bed Above My Head, Dead Beyond, Dungeon Fortress : Overlord"
all-games,raw-tag,Pirates,3,3,0,6,"What'Sub, 郑成功传 Clash of Armadas: Koxinga, Penguin Pirates"
all-games,raw-tag,CRPG,1,4,-3,5,"Xenonauts 2, 纤维, Silent Orbits"
all-games,raw-tag,Gothic,4,1,3,5,"Cat Mirror, Gladiatory, Fine Dying"
all-games,raw-tag,Gun Customization,1,4,-3,5,"Chop Chains, Responding, Sphere Fight"
all-games,raw-tag,MOBA,4,1,3,5,"Shape of Dreams, Marvel Rivals, ONE PIECE Bounty Rush"
all-games,raw-tag,Transportation,1,4,-3,5,"4Wheel Challenge, Bloody Rally Show, Extreme Forklifting 3"
all-games,raw-tag,Underwater,4,1,3,5,"With Me: Aquatic Time, What'Sub, Super Chaos"
all-games,raw-tag,4 Player Local,3,2,1,5,"Fortune Avenue, Explosive Track - Crazy Action Arcade Racing, Kingdomino"
all-games,raw-tag,Automobile Sim,3,2,1,5,"Track Day: From Street to Circuit, Responding, One more time"
all-games,raw-tag,Conspiracy,2,3,-1,5,"Ovidius (Blood for Love), Streets of Miami VR, Crown Of Hispania"
all-games,raw-tag,Dark Comedy,2,3,-1,5,"Major Mutt, Come to my party!, Fine Dying"
all-games,raw-tag,Design & Illustration,3,2,1,5,"Little Fires, Circuit Artist, Little Houses of Bloomwood"
all-games,raw-tag,Diplomacy,3,2,1,5,"Under Protocol, Double Dealers, Crown Of Hispania"
all-games,raw-tag,Programming,2,3,-1,5,"Idle AI Factory, PatchWorld, Logic World"
all-games,raw-tag,Roguevania,3,2,1,5,"封魔剑魂, Dungeon Fortress : Overlord, 英雄传奇"
all-games,raw-tag,Satire,3,2,1,5,"Double Dealers, Land Of Opportunities, Monetaria"
all-games,raw-tag,Social Deduction,3,2,1,5,"Double Dealers, STAB!, WISE GUYS"
all-games,raw-tag,Solitaire,3,2,1,5,"七神器, Rotminers, 纵横麻将 Matrix Mahjong"
all-games,raw-tag,Swordplay,3,2,1,5,"Fear Faith, Indignum, UP TO THE SKY"
all-games,raw-tag,Flight,0,4,-4,4,"Streets of Miami VR, UP TO THE SKY, The Wide Open Sky is Running out of Catfish"
all-games,raw-tag,Grand Strategy,0,4,-4,4,"Home Before Winter (HBW), College Basketball Manager, Songs of Silence"
all-games,raw-tag,Lovecraftian,4,0,4,4,"Conviction, The Occultist, Wall Of Insanity 2"
all-games,raw-tag,Rhythm,4,0,4,4,"Beats Of Fury, Kaz, Threadline"
all-games,raw-tag,Time Attack,4,0,4,4,"FZ: Formation Z, Zigdig, forever-happy-town"
all-games,raw-tag,6DOF,1,3,-2,4,"Friendly Steps, Hyperlane Highway, Neolithic Dawn"
all-games,raw-tag,Battle Royale,3,1,2,4,"Spellfall: Last Mage Standing, ALTERA, One more time"
all-games,raw-tag,Boomer Shooter,3,1,2,4,"Silicon Scars, Thug Life, GRIMPS"
all-games,raw-tag,Class-Based,1,3,-2,4,"Tank Havoc, Demon Hunters, Granblue Fantasy"
all-games,raw-tag,Naval Combat,3,1,2,4,"Dread Admiral, Penguin Pirates, Splash Adventure: The Maze of Morla"
all-games,raw-tag,Party,3,1,2,4,"Trolling Bowling, Gobocore: Goblin Rescue Squad , Battle Brewers"
all-games,raw-tag,Split Screen,1,3,-2,4,"ROGOLF, ONE PIECE Bounty Rush, Granblue Fantasy"
all-games,raw-tag,Time Manipulation,1,3,-2,4,"Purgatory Survivors, Hyperlane Highway, Law of Demons"
all-games,raw-tag,Action RTS,2,2,0,4,"Empyrean Defense, Explosive Track - Crazy Action Arcade Racing, Space Tales"
all-games,raw-tag,Detective,2,2,0,4,"North Hunt, KunKunNest, Stardream"
all-games,raw-tag,Farming,2,2,0,4,"Rooftop Garden, Rune Factory 5, My Heaven's Dale"
all-games,raw-tag,Fishing,2,2,0,4,"Ferry Good Day, Isle of Food, Dogwood"
all-games,raw-tag,Looter Shooter,2,2,0,4,"Black Dragon Mage, Helluva Heist, Blood Bear"
all-games,raw-tag,Naval,2,2,0,4,"Dread Admiral, FULL METAL COFFIN, 郑成功传 Clash of Armadas: Koxinga"
all-games,raw-tag,Parody,2,2,0,4,"One More 6ix, Come to my party!, Bouncemasters"
all-games,raw-tag,Experimental,3,0,3,3,"Chaosfall, Biocybernetic Trap, Ringbound"
all-games,raw-tag,Faith,3,0,3,3,"Conviction, 卜卦 / Divination, Foul Deeds of Iblis"
all-games,raw-tag,RPGMaker,3,0,3,3,"The Witch's Disciples, SIONIC LOVE, The Inverted Tower"
all-games,raw-tag,Tanks,3,0,3,3,"Hoverise Rebellion, Celestial Fragments, Splash Adventure: The Maze of Morla"
all-games,raw-tag,Classic,2,1,1,3,"Mystery at Morgoth, The Curse of Feldar Vale, Shakes and Fidget"
all-games,raw-tag,Dog,1,2,-1,3,"MyDear.exe, Meat Market, Habitat Toxica"
all-games,raw-tag,Electronic Music,2,1,1,3,"Warm Inside, HYPERBEAT, Night Club Simulator: Party King"
all-games,raw-tag,Escape Room,2,1,1,3,"Subliminal, The Failed, Scenic"
all-games,raw-tag,Game Development,2,1,1,3,"Ovidius (Blood for Love), PatchWorld, HAELE 3D - Feet Poses Pro - Drawing References"
all-games,raw-tag,Golf,2,1,1,3,"This Is Golf, Super Serious Golf"
all-games,raw-tag,Hex Grid,1,2,-1,3,"Terrafactory: Idle Planet, Valefor 2, Dotu"
all-games,raw-tag,Hunting,2,1,1,3,"Quack Hunters, Habitat Toxica, SCUM"
all-games,raw-tag,JRPG,2,1,1,3,"Fallen Tear: The Ascension, Arm of the Prince, DopePie Survivors 3D"
all-games,raw-tag,Martial Arts,1,2,-1,3,"Red Masked Ronin: Desires and Shadows, 英雄传奇, Battle Mutants"
all-games,raw-tag,Mechs,2,1,1,3,"DODORI, Aeons Echo, Celestial Fragments"
all-games,raw-tag,On-Rails Shooter,1,2,-1,3,"Hyperlane Highway, Kleopatra"
all-games,raw-tag,Politics,2,1,1,3,Life is Strange: Reunion
all-games,raw-tag,Sokoban,1,2,-1,3,"HELLBOUND INC, Pathways & Poltergeists, MergePiece: Merge pixels into masterpieces"
all-games,raw-tag,Spectacle fighter,2,1,1,3,"DIESELDOME: Oil & Blood, Stick Brawl, MechaCap Arena"
all-games,raw-tag,Steampunk,1,2,-1,3,"DIESELDOME: Oil & Blood, What'Sub, Lust Manor: Leona’s Secret"
all-games,raw-tag,Transhumanism,1,2,-1,3,"SWAPMEAT, Ashes of the Singularity II"
all-games,raw-tag,Underground,1,2,-1,3,"Bird Poo Game, Arenion, Field School"
all-games,raw-tag,Utilities,2,1,1,3,"Terrafactory: Idle Planet, 卜卦 / Divination, HAELE 3D - Feet Poses Pro - Drawing References"
all-games,raw-tag,Vampire,2,1,1,3,"Corner Clash, Frontier Ferris For Adventurers, Midnight Queue"
all-games,raw-tag,Voxel,1,2,-1,3,"Dodge-imals, Long Drive North: Co-Op RV Simulator, Microlandia"
all-games,raw-tag,Word Game,2,1,1,3,"Under Protocol, KeyBreach"
all-games,raw-tag,Ambient,2,0,2,2,"Warm Inside, PomoTrain: Rabbit Town"
all-games,raw-tag,Character Action Game,0,2,-2,2,"ワンコワンコ大作戦, Dogwood"
all-games,raw-tag,Dynamic Narration,0,2,-2,2,"Last Dawn: Helios, One Way Mirror: AI"
all-games,raw-tag,Fighting,2,0,2,2,"Sim: Heavyweight Boxing Champion, Ninja Vs Bomb"
all-games,raw-tag,Match 3,0,2,-2,2,"Pretty Girl Puzzle · Summer Phantom, Perfect Castle"
all-games,raw-tag,Medical Sim,0,2,-2,2,"Responding, Microlandia"
all-games,raw-tag,Music-Based Procedural Generation,0,2,-2,2,"DODORI, Beat For Speed"
all-games,raw-tag,Real-Time,2,0,2,2,"Literally Just Pixels On A Screen, MMM Weird Adventure"
all-games,raw-tag,Real-Time with Pause,2,0,2,2,"Prophet Margin, Crown Of Hispania"
all-games,raw-tag,Space Sim,2,0,2,2,"Omen, 成为皇帝！我的万亿美女星球帝国"
all-games,raw-tag,Superhero,0,2,-2,2,"Taimanin Squad, Hyperlane Highway"
all-games,raw-tag,Trains,0,2,-2,2,"Pop!chinko, shapez 2"
all-games,raw-tag,Unforgiving,2,0,2,2,"Keep the Balance, Ball Pain"
all-games,raw-tag,Villain Protagonist,2,0,2,2,"Mr. Sleepy Man, The Dark Queen of Mortholme"
all-games,raw-tag,America,1,1,0,2,"Pablo's Journey, Speakeasy Simulator"
all-games,raw-tag,Archery,1,1,0,2,"END US, IRON SHADOW : Survival Protocol"
all-games,raw-tag,Boss Rush,1,1,0,2,"Fear Faith, Anime FPS: Guns vs Magic"
all-games,raw-tag,Crowdfunded,1,1,0,2,Crown Of Hispania
all-games,raw-tag,Hacking,1,1,0,2,"Land Of Opportunities, Anti-Virus Squad"
all-games,raw-tag,Hero Shooter,1,1,0,2,STAR TALE: Odyssey One
all-games,raw-tag,Jump Scare,1,1,0,2,"Market Moe, Flick"
all-games,raw-tag,Kickstarter,1,1,0,2,"Monster Crown: Sin Eater, DG2: Defense Grid 2"
all-games,raw-tag,Minigames,1,1,0,2,"Mistbound, Cube Foundry"
all-games,raw-tag,Nostalgia,1,1,0,2,"Miner Open Chests, Thomas & Friends™: Wonders of Sodor"
all-games,raw-tag,Open World Survival Craft,1,1,0,2,"Long Drive North: Co-Op RV Simulator, Neolithic Dawn"
all-games,raw-tag,Software Training,1,1,0,2,Aimlabs
all-games,raw-tag,Submarine,1,1,0,2,"What'Sub, Scrap Diver"
all-games,raw-tag,360 Video,1,0,1,1,PatchWorld
all-games,raw-tag,Asymmetric VR,1,0,1,1,Streets of Miami VR
all-games,raw-tag,Baseball,0,1,-1,1,Indoor Baseball
all-games,raw-tag,Bikes,0,1,-1,1,Beat For Speed
all-games,raw-tag,Birds,1,0,1,1,Feathers Fallout
all-games,raw-tag,Blood,1,0,1,1,DIESELDOME: Oil & Blood
all-games,raw-tag,Boxing,1,0,1,1,Streets of Miami VR
all-games,raw-tag,Chess,1,0,1,1,ChessBoyChess
all-games,raw-tag,Coding,1,0,1,1,Pixel Forge
all-games,raw-tag,Cold War,0,1,-1,1,Garfield Kart 2 - All You Can Drift
all-games,raw-tag,Cult Classic,0,1,-1,1,Shakes and Fidget
all-games,raw-tag,Cycling,0,1,-1,1,Beat For Speed
all-games,raw-tag,Dice,0,1,-1,1,Fortune Avenue
all-games,raw-tag,Dinosaurs,0,1,-1,1,BioMech Vendetta
all-games,raw-tag,Dwarf,1,0,1,1,Goldrot
all-games,raw-tag,Elf,0,1,-1,1,Undead Tide: Light's Defense
all-games,raw-tag,Epic,1,0,1,1,成为皇帝！我的万亿美女星球帝国
all-games,raw-tag,Episodic,1,0,1,1,Unseen - Someone
all-games,raw-tag,Experience,1,0,1,1,Gridworld
all-games,raw-tag,Extraction Shooter,1,0,1,1,Madnessarum
all-games,raw-tag,FMV,0,1,-1,1,Scientific project: Optic
all-games,raw-tag,Foreign,0,1,-1,1,Cardtonia
all-games,raw-tag,Games Workshop,0,1,-1,1,Little Houses of Bloomwood
all-games,raw-tag,Heist,0,1,-1,1,Absorber: Absorb Adapt Survive
all-games,raw-tag,Hockey,0,1,-1,1,Super Chaos
all-games,raw-tag,Horses,0,1,-1,1,Habitat Toxica
all-games,raw-tag,Illuminati,1,0,1,1,Keepers: Fractured Realities
all-games,raw-tag,Intentionally Awkward Controls,0,1,-1,1,Super Chaos
all-games,raw-tag,LEGO,0,1,-1,1,ワンコワンコ大作戦
all-games,raw-tag,Mini Golf,0,1,-1,1,Don't Fall
all-games,raw-tag,Mod,0,1,-1,1,Little Houses of Bloomwood
all-games,raw-tag,Mouse only,1,0,1,1,Dark Age Dinos
all-games,raw-tag,Photo Editing,1,0,1,1,HAELE 3D - Feet Poses Pro - Drawing References
all-games,raw-tag,Remake,1,0,1,1,DARK SOULS II: Scholar of the First Sin
all-games,raw-tag,Rock Music,0,1,-1,1,Beats Of Fury
all-games,raw-tag,Rome,0,1,-1,1,DIESELDOME: Oil & Blood
all-games,raw-tag,Sailing,0,1,-1,1,郑成功传 Clash of Armadas: Koxinga
all-games,raw-tag,Snow,1,0,1,1,POJANGMACHA : Korean Street Food Management Simulator
all-games,raw-tag,Spaceships,0,1,-1,1,Quaxum Color Mayhem
all-games,raw-tag,Touch-Friendly,0,1,-1,1,Back To The Collis
all-games,raw-tag,TrackIR,1,0,1,1,Sensory Overload
all-games,raw-tag,Trading Card Game,0,1,-1,1,BULK
all-games,raw-tag,Typing,0,1,-1,1,Drop Not Allowed
all-games,raw-tag,Video Production,1,0,1,1,HAELE 3D - Feet Poses Pro - Drawing References
all-games,raw-tag,Werewolves,1,0,1,1,Werewolf: The Inner Beast
all-games,raw-tag,World War II,0,1,-1,1,A Foreign World
all-games,theme,Other,877,808,69,1685,"Before the Silence Claims: In Absentia, Bio Inc. Redemption, Biped 2"
all-games,theme,Indie & Casual,455,315,140,770,"4 Penny Coffins, All Will Fall, Biped 2"
all-games,theme,Lifecycle & Business Model,240,228,12,468,"A.L.A.R.M. - Autistic Lovely Assassins Rise of the Matriarchy, Bio Inc. Redemption, Cube Kingdoms"
all-games,theme,Action & Combat,229,182,47,411,"Biped 2, Chess Kingdom, Drunkslop: Pub crawl COOP"
all-games,theme,Adventure & Story,217,165,52,382,"4 Penny Coffins, Bootstrap, Chrono Vanguard: Primal Survival - Dinosaur"
all-games,theme,Play Modes & Social,194,142,52,336,"Before the Silence Claims: In Absentia, Car Rental Simulator: Prologue - Early Days, Depths Of Horror: Mushroom Day"
all-games,theme,RPG & Fantasy,170,125,45,295,"Bootstrap, Dread Admiral, Eternal Hunger"
all-games,theme,Visual & Format,153,138,15,291,"Before the Silence Claims: In Absentia, Depths Of Horror: Mushroom Day, Drunkslop: Pub crawl COOP"
all-games,theme,Simulation & Sandbox,148,105,43,253,"Drunkslop: Pub crawl COOP, Hydra TD, Nested Lands"
all-games,theme,Strategy & Management,106,70,36,176,"Power Of The Horde, Subliminal, Keyboard Warrior: Dreamstate Prologue"
all-games,theme,Atmosphere & Horror,93,65,28,158,"Drunkslop: Pub crawl COOP, One More 6ix, Quack Hunters"
all-games,theme,Sports & Racing,21,28,-7,49,"DisGo, Beat For Speed, Go-Kart Simulator"
all-games,theme,Tech & AI,23,16,7,39,"Jokerina: Lust Card, Tomorrow's Love Puzzle, Bloody Rally Show"
