dimension_type,series_type,label,label_key,group_label,adds,removes,window_net,total_moves,early_avg_net,late_avg_net,momentum_delta,sample_apps
theme,theme,Action & Combat,action & combat,Action & Combat,229,182,47,411,2.6250,1.2500,-1.3750,"Biped 2, Chess Kingdom, Drunkslop: Pub crawl COOP"
theme,theme,Adventure & Story,adventure & story,Adventure & Story,217,165,52,382,2.3750,2.2500,-0.1250,"4 Penny Coffins, Bootstrap, Chrono Vanguard: Primal Survival - Dinosaur"
theme,theme,Atmosphere & Horror,atmosphere & horror,Atmosphere & Horror,93,65,28,158,1.0000,0.2500,-0.7500,"Drunkslop: Pub crawl COOP, One More 6ix, Quack Hunters"
theme,theme,Indie & Casual,indie & casual,Indie & Casual,455,315,140,770,7.1250,4.7500,-2.3750,"4 Penny Coffins, All Will Fall, Biped 2"
theme,theme,Lifecycle & Business Model,lifecycle & business model,Lifecycle & Business Model,240,228,12,468,-1.8750,0.6250,2.5000,"A.L.A.R.M. - Autistic Lovely Assassins Rise of the Matriarchy, Bio Inc. Redemption, Cube Kingdoms"
theme,theme,Other,other,Other,877,808,69,1685,1.3750,4.1250,2.7500,"Before the Silence Claims: In Absentia, Bio Inc. Redemption, Biped 2"
theme,theme,Play Modes & Social,play modes & social,Play Modes & Social,194,142,52,336,2.3750,0.8750,-1.5000,"Before the Silence Claims: In Absentia, Car Rental Simulator: Prologue - Early Days, Depths Of Horror: Mushroom Day"
theme,theme,RPG & Fantasy,rpg & fantasy,RPG & Fantasy,170,125,45,295,0.3750,1.1250,0.7500,"Bootstrap, Dread Admiral, Eternal Hunger"
theme,theme,Simulation & Sandbox,simulation & sandbox,Simulation & Sandbox,148,105,43,253,1.5000,1.1250,-0.3750,"Drunkslop: Pub crawl COOP, Hydra TD, Nested Lands"
theme,theme,Sports & Racing,sports & racing,Sports & Racing,21,28,-7,49,-1.0000,-0.1250,0.8750,"DisGo, Beat For Speed, Go-Kart Simulator"
theme,theme,Strategy & Management,strategy & management,Strategy & Management,106,70,36,176,2.2500,0.8750,-1.3750,"Power Of The Horde, Subliminal, Keyboard Warrior: Dreamstate Prologue"
theme,theme,Tech & AI,tech & ai,Tech & AI,23,16,7,39,-0.1250,0.0000,0.1250,"Jokerina: Lust Card, Tomorrow's Love Puzzle, Bloody Rally Show"
theme,theme,Visual & Format,visual & format,Visual & Format,153,138,15,291,1.0000,0.5000,-0.5000,"Before the Silence Claims: In Absentia, Depths Of Horror: Mushroom Day, Drunkslop: Pub crawl COOP"
genre,raw-genre,Accounting,accounting,Genres,0,1,-1,1,0.0000,0.0000,0.0000,Tender Loving Care
genre,raw-genre,Action,action,Genres,65,39,26,104,0.8750,0.7500,-0.1250,"Fear Faith, I Know a Guy: Shady Life Simulator, SANITY"
genre,raw-genre,Adventure,adventure,Genres,85,37,48,122,2.1250,2.3750,0.2500,"4 Penny Coffins, Chrono Vanguard: Primal Survival - Dinosaur, Luminids"
genre,raw-genre,Audio Production,audio production,Genres,0,1,-1,1,0.0000,0.0000,0.0000,Tender Loving Care
genre,raw-genre,Casual,casual,Genres,92,52,40,144,1.6250,1.5000,-0.1250,"Chrono Vanguard: Primal Survival - Dinosaur, Hydra TD, Kin and Quarry"
genre,raw-genre,Early Access,early access,Genres,135,156,-21,291,-2.0000,-1.3750,0.6250,"A.L.A.R.M. - Autistic Lovely Assassins Rise of the Matriarchy, Cube Kingdoms, Draw Steel"
genre,raw-genre,Free to Play,free to play,Genres,78,37,41,115,1.1250,2.2500,1.1250,"DEADLINE DELIVERY, Depths Of Horror: Mushroom Day, Demetrios - The BIG Cynical Adventure"
genre,raw-genre,Gore,gore,Genres,0,1,-1,1,0.0000,-0.1250,-0.1250,Hollow
genre,raw-genre,Indie,indie,Genres,119,40,79,159,4.7500,2.7500,-2.0000,"All Will Fall, Fear Faith, Power Of The Horde"
genre,raw-genre,Massively Multiplayer,massively multiplayer,Genres,11,14,-3,25,-0.2500,-0.2500,0.0000,"封魔剑魂, Madnessarum, Bring the Thing!"
genre,raw-genre,Nudity,nudity,Genres,0,2,-2,2,0.0000,-0.1250,-0.1250,"Hollow, Tender Loving Care"
genre,raw-genre,Racing,racing,Genres,9,8,1,17,0.0000,-0.2500,-0.2500,"DisGo, Beat For Speed, Go-Kart Simulator"
genre,raw-genre,RPG,rpg,Genres,49,35,14,84,-0.1250,0.7500,0.8750,"Power Of The Horde, SANITY, Veldrak: Dark Revenant"
genre,raw-genre,Sexual Content,sexual content,Genres,0,1,-1,1,0.0000,0.0000,0.0000,Tender Loving Care
genre,raw-genre,Simulation,simulation,Genres,63,49,14,112,0.1250,0.2500,0.1250,"Hydra TD, Power Of The Horde, Crow Forest: New World"
genre,raw-genre,Sports,sports,Genres,8,7,1,15,-0.3750,0.1250,0.5000,"Drift Empire, RACCOIN: Coin Pusher Roguelike, Rhell: Warped Worlds & Troubled Times"
genre,raw-genre,Strategy,strategy,Genres,57,35,22,92,1.2500,0.5000,-0.7500,"Keyboard Warrior: Dreamstate Prologue, Question Roulette, AM I HERE?"
genre,raw-genre,Utilities,utilities,Genres,1,0,1,1,0.0000,0.1250,0.1250,Shadowforge
genre,raw-genre,Video Production,video production,Genres,1,0,1,1,0.0000,0.1250,0.1250,Shadowforge
genre,raw-genre,Violent,violent,Genres,0,3,-3,3,0.0000,-0.2500,-0.2500,"Hollow, Mastema: Out of Hell, Titanic: Adventure Out Of Time"
tag,raw-tag,1980s,1980s,Other,5,2,3,7,0.2500,0.0000,-0.2500,"Streets of Miami VR, An Odd Walk: Shinjuku Alley, BROTANK"
tag,raw-tag,1990's,1990's,Other,10,11,-1,21,-0.2500,0.2500,0.5000,"Culdcept The First Saturn Tribute, Fear Faith, 100FRIENDS"
tag,raw-tag,2.5D,2.5d,Other,8,6,2,14,0.5000,0.1250,-0.3750,"FZ: Formation Z, Pop!chinko, Ink Inside"
tag,raw-tag,2D,2d,Visual & Format,30,27,3,57,0.2500,-0.1250,-0.3750,"Pretty Girl Puzzle · Summer Phantom, The Posthumous Investigation, Xenonauts 2"
tag,raw-tag,2D Fighter,2d fighter,Other,3,6,-3,9,0.0000,-0.2500,-0.2500,"封魔剑魂, BROKEN SOUL : Boss Rush, Gladiatory"
tag,raw-tag,2D Platformer,2d platformer,Other,8,10,-2,18,-0.2500,0.0000,0.2500,"Eternal Hunger, FZ: Formation Z, BROKEN SOUL : Boss Rush"
tag,raw-tag,360 Video,360 video,Other,1,0,1,1,0.0000,0.0000,0.0000,PatchWorld
tag,raw-tag,3D,3d,Visual & Format,41,49,-8,90,-0.5000,0.0000,0.5000,"Before the Silence Claims: In Absentia, Depths Of Horror: Mushroom Day, Moving Day: Make It Home"
tag,raw-tag,3D Fighter,3d fighter,Other,4,3,1,7,0.0000,0.0000,0.0000,"Streets of Miami VR, 樱梦海, Elementers"
tag,raw-tag,3D Platformer,3d platformer,Other,12,16,-4,28,0.0000,-0.3750,-0.3750,"Sanechek: Lost Coins, 胶囊军团, Cheat Line"
tag,raw-tag,3D Vision,3d vision,Other,3,3,0,6,0.0000,0.1250,0.1250,"Rotminers, 4Wheel Challenge, SILENCY"
tag,raw-tag,4 Player Local,4 player local,Other,3,2,1,5,0.0000,0.1250,0.1250,"Fortune Avenue, Explosive Track - Crazy Action Arcade Racing, Kingdomino"
tag,raw-tag,4X,4x,Other,3,4,-1,7,-0.2500,-0.1250,0.1250,"Power Of The Horde, Three Kingdoms : Alias, Poly Kingdom: Siege"
tag,raw-tag,6DOF,6dof,Other,1,3,-2,4,-0.1250,0.0000,0.1250,"Friendly Steps, Hyperlane Highway, Neolithic Dawn"
tag,raw-tag,Abstract,abstract,Other,8,7,1,15,-0.1250,0.0000,0.1250,"Joker Madness 🃏, Warnet, Pillars of Sorrow"
tag,raw-tag,Action,action,Action & Combat,48,51,-3,99,-0.5000,0.5000,1.0000,"Drunkslop: Pub crawl COOP, Fear Faith, Power Of The Horde"
tag,raw-tag,Action Roguelike,action roguelike,Other,20,20,0,40,-0.1250,-0.2500,-0.1250,"Chronos Trap in Time, 七神器, 胶囊军团"
tag,raw-tag,Action RPG,action rpg,Other,13,20,-7,33,0.1250,-0.7500,-0.8750,"Chronos Trap in Time, Power Of The Horde, Purgatory Survivors"
tag,raw-tag,Action RTS,action rts,Other,2,2,0,4,0.1250,0.0000,-0.1250,"Empyrean Defense, Explosive Track - Crazy Action Arcade Racing, Space Tales"
tag,raw-tag,Action-Adventure,action-adventure,Action & Combat,27,36,-9,63,-0.6250,-0.2500,0.3750,"七神器, Miner Open Chests, Miss Neko 3"
tag,raw-tag,Adventure,adventure,Adventure & Story,50,74,-24,124,-0.6250,-0.7500,-0.1250,"4 Penny Coffins, Bootstrap, Chrono Vanguard: Primal Survival - Dinosaur"
tag,raw-tag,Agriculture,agriculture,Other,3,5,-2,8,-0.1250,0.0000,0.1250,"Chop Chains, Prophet Margin, Souls of the Dead"
tag,raw-tag,Aliens,aliens,Other,3,7,-4,10,0.0000,-0.1250,-0.1250,"Zigdig, Stamperor! The Jester's Decree, The Specimen"
tag,raw-tag,Alternate History,alternate history,Other,4,3,1,7,-0.1250,-0.1250,0.0000,"Before the Silence Claims: In Absentia, Under Protocol, DIESELDOME: Oil & Blood"
tag,raw-tag,Ambient,ambient,Other,2,0,2,2,0.0000,0.0000,0.0000,"Warm Inside, PomoTrain: Rabbit Town"
tag,raw-tag,America,america,Other,1,1,0,2,0.1250,0.0000,-0.1250,"Pablo's Journey, Speakeasy Simulator"
tag,raw-tag,Anime,anime,Other,9,11,-2,20,0.3750,-0.2500,-0.6250,"サンリオキャラクターズ スマッシュフェスタ！, Come to my party!, DODORI"
tag,raw-tag,Arcade,arcade,Action & Combat,32,16,16,48,1.3750,0.6250,-0.7500,"FZ: Formation Z, One More 6ix, Zigdig"
tag,raw-tag,Archery,archery,Other,1,1,0,2,-0.1250,0.0000,0.1250,"END US, IRON SHADOW : Survival Protocol"
tag,raw-tag,Arena Shooter,arena shooter,Other,9,3,6,12,0.3750,0.3750,0.0000,"Dodge-imals, Mech Survivor Elite, Torch of Shadows"
tag,raw-tag,Artificial Intelligence,artificial intelligence,Tech & AI,23,16,7,39,-0.1250,0.0000,0.1250,"Jokerina: Lust Card, Tomorrow's Love Puzzle, Bloody Rally Show"
tag,raw-tag,Asymmetric VR,asymmetric vr,Other,1,0,1,1,0.0000,0.0000,0.0000,Streets of Miami VR
tag,raw-tag,Asynchronous Multiplayer,asynchronous multiplayer,Other,4,2,2,6,0.0000,0.1250,0.1250,"One More 6ix, The Vault, 矮人炮弹 Dwarven Cannonball"
tag,raw-tag,Atmospheric,atmospheric,Atmosphere & Horror,58,29,29,87,0.8750,0.5000,-0.3750,"Drunkslop: Pub crawl COOP, Quack Hunters, Sanechek: Lost Coins"
tag,raw-tag,Auto Battler,auto battler,Other,9,8,1,17,0.0000,-0.1250,-0.1250,"Explodey Towers, Hydra TD, Joker Madness 🃏"
tag,raw-tag,Automation,automation,Other,9,4,5,13,0.3750,0.3750,0.0000,"Tower Networking Inc., Divine Orbit, Arcaneering: Beyond Automation"
tag,raw-tag,Automobile Sim,automobile sim,Other,3,2,1,5,0.1250,0.1250,0.0000,"Track Day: From Street to Circuit, Responding, One more time"
tag,raw-tag,Base Building,base building,Other,16,7,9,23,0.0000,0.1250,0.1250,"Global City, Prophet Margin, 矮人炮弹 Dwarven Cannonball"
tag,raw-tag,Baseball,baseball,Other,0,1,-1,1,0.0000,-0.1250,-0.1250,Indoor Baseball
tag,raw-tag,Battle Royale,battle royale,Other,3,1,2,4,0.0000,0.0000,0.0000,"Spellfall: Last Mage Standing, ALTERA, One more time"
tag,raw-tag,Beat 'em up,beat 'em up,Other,2,4,-2,6,0.0000,0.0000,0.0000,"Explosive Track - Crazy Action Arcade Racing, Marsh Into the New Dimension, Super Chaos"
tag,raw-tag,Bikes,bikes,Other,0,1,-1,1,0.0000,0.0000,0.0000,Beat For Speed
tag,raw-tag,Birds,birds,Other,1,0,1,1,0.1250,0.0000,-0.1250,Feathers Fallout
tag,raw-tag,Blood,blood,Other,1,0,1,1,0.0000,0.1250,0.1250,DIESELDOME: Oil & Blood
tag,raw-tag,Board Game,board game,Other,3,5,-2,8,-0.2500,0.0000,0.2500,"Chess Kingdom, 矮人炮弹 Dwarven Cannonball, Cartapli : Fold Quest"
tag,raw-tag,Boomer Shooter,boomer shooter,Other,3,1,2,4,0.2500,0.0000,-0.2500,"Silicon Scars, Thug Life, GRIMPS"
tag,raw-tag,Boss Rush,boss rush,Other,1,1,0,2,-0.1250,0.0000,0.1250,"Fear Faith, Anime FPS: Guns vs Magic"
tag,raw-tag,Boxing,boxing,Other,1,0,1,1,0.0000,0.0000,0.0000,Streets of Miami VR
tag,raw-tag,Building,building,Other,14,18,-4,32,-0.6250,0.0000,0.6250,"OddFauna : Secret of the Terrabeast, Power Of The Horde, 矮人炮弹 Dwarven Cannonball"
tag,raw-tag,Bullet Hell,bullet hell,Other,21,8,13,29,0.7500,0.6250,-0.1250,"Chronos Trap in Time, Explodey Towers, Corner Clash"
tag,raw-tag,Bullet Time,bullet time,Other,8,3,5,11,0.1250,0.1250,0.0000,"Last Dawn: Helios, Master of Chaos, Zombie Self-Cultivation"
tag,raw-tag,Capitalism,capitalism,Other,3,5,-2,8,-0.1250,-0.1250,0.0000,"Tokatonton: One-Armed Blacksmith, Market Moe, Streets of Miami VR"
tag,raw-tag,Card Battler,card battler,Other,5,2,3,7,0.1250,0.0000,-0.1250,"Abyss Deck, STAB!, THORNSPELL"
tag,raw-tag,Card Game,card game,Other,8,1,7,9,0.1250,0.2500,0.1250,"Frostrain 2, Fortune Avenue, Project - Labyrinth"
tag,raw-tag,Cartoon,cartoon,Other,11,14,-3,25,-0.1250,0.1250,0.2500,"Bust Evolution: Bunnygirl VIP Paizuri！, Squeakross: Home Squeak Home, Dodge-imals"
tag,raw-tag,Cartoony,cartoony,Other,19,15,4,34,0.2500,-0.2500,-0.5000,"Black Hole Fishing, Pretty Girl Puzzle · Summer Phantom, Xenonauts 2"
tag,raw-tag,Casual,casual,Indie & Casual,60,55,5,115,0.6250,0.2500,-0.3750,"Biped 2, Chrono Vanguard: Primal Survival - Dinosaur, Explodey Towers"
tag,raw-tag,Cats,cats,Other,4,4,0,8,0.3750,-0.1250,-0.5000,"With Me: Aquatic Time, Frontier Ferris For Adventurers, Puzzling Places - 3D Jigsaw Sim"
tag,raw-tag,Character Action Game,character action game,Other,0,2,-2,2,0.0000,0.0000,0.0000,"ワンコワンコ大作戦, Dogwood"
tag,raw-tag,Character Customization,character customization,RPG & Fantasy,29,15,14,44,0.0000,0.2500,0.2500,"Grave Seasons, Power Of The Horde, Quack Hunters"
tag,raw-tag,Chess,chess,Other,1,0,1,1,0.0000,0.0000,0.0000,ChessBoyChess
tag,raw-tag,Choices Matter,choices matter,Adventure & Story,36,30,6,66,0.6250,-0.2500,-0.8750,"Don't Mind the Robots, Purgatory Survivors, Silent Orbits"
tag,raw-tag,Choose Your Own Adventure,choose your own adventure,Other,9,12,-3,21,0.1250,0.1250,0.0000,"Drunkslop: Pub crawl COOP, Sanechek: Lost Coins, Come to my party!"
tag,raw-tag,Cinematic,cinematic,Other,16,11,5,27,0.1250,0.1250,0.0000,"Before the Silence Claims: In Absentia, Love vs Lust: The story of a Gigolo, Tomorrow's Love Puzzle"
tag,raw-tag,City Builder,city builder,Other,4,5,-1,9,0.0000,0.0000,0.0000,"Nested Lands, Cozy Cleaner, Copacetic"
tag,raw-tag,Class-Based,class-based,Other,1,3,-2,4,0.0000,-0.1250,-0.1250,"Tank Havoc, Demon Hunters, Granblue Fantasy"
tag,raw-tag,Classic,classic,Other,2,1,1,3,0.1250,0.0000,-0.1250,"Mystery at Morgoth, The Curse of Feldar Vale, Shakes and Fidget"
tag,raw-tag,Clicker,clicker,Other,18,12,6,30,0.3750,-0.5000,-0.8750,"Pretty Girl Puzzle · Summer Phantom, With Me: Aquatic Time, Rooftop Garden"
tag,raw-tag,Co-op,co-op,Play Modes & Social,34,24,10,58,0.7500,0.5000,-0.2500,"Car Rental Simulator: Prologue - Early Days, Depths Of Horror: Mushroom Day, Echoes of Aincrad"
tag,raw-tag,Co-op Campaign,co-op campaign,Other,5,5,0,10,0.0000,0.0000,0.0000,"FiresOut!, Dark Age Dinos, Hello World"
tag,raw-tag,Coding,coding,Other,1,0,1,1,0.1250,0.0000,-0.1250,Pixel Forge
tag,raw-tag,Cold War,cold war,Other,0,1,-1,1,-0.1250,0.0000,0.1250,Garfield Kart 2 - All You Can Drift
tag,raw-tag,Collectathon,collectathon,Other,10,8,2,18,0.0000,0.0000,0.0000,"OddFauna : Secret of the Terrabeast, With Me: Aquatic Time, Rotminers"
tag,raw-tag,Colony Sim,colony sim,Other,4,2,2,6,0.3750,-0.1250,-0.5000,"Nested Lands, Crown of Greed, GlagStone"
tag,raw-tag,Colorful,colorful,Indie & Casual,46,41,5,87,0.3750,0.3750,0.0000,"Black Hole Fishing, Drunkslop: Pub crawl COOP, OddFauna : Secret of the Terrabeast"
tag,raw-tag,Combat,combat,Action & Combat,33,32,1,65,0.7500,0.7500,0.0000,"Explodey Towers, Ovidius (Blood for Love), Power Of The Horde"
tag,raw-tag,Combat Racing,combat racing,Other,4,2,2,6,0.1250,0.1250,0.0000,"Redline JDM Drift, Hyperlane Highway, Garfield Kart 2 - All You Can Drift"
tag,raw-tag,Comedy,comedy,Indie & Casual,24,24,0,48,-0.2500,0.2500,0.5000,"Drunkslop: Pub crawl COOP, Quack Hunters, Sanechek: Lost Coins"
tag,raw-tag,Comic Book,comic book,Other,5,5,0,10,0.0000,-0.3750,-0.3750,"Xenonauts 2, DODORI, Master of Chaos"
tag,raw-tag,Competitive,competitive,Other,6,1,5,7,0.1250,0.0000,-0.1250,"Dark Roll 2, Project X: Light Years, Drag Racing 3D: Streets 2"
tag,raw-tag,Conspiracy,conspiracy,Other,2,3,-1,5,0.0000,-0.1250,-0.1250,"Ovidius (Blood for Love), Streets of Miami VR, Crown Of Hispania"
tag,raw-tag,Controller,controller,Other,25,22,3,47,-0.2500,0.5000,0.7500,"Culdcept The First Saturn Tribute, Fallen Tear: The Ascension, Fear Faith"
tag,raw-tag,Conversation,conversation,Other,11,5,6,16,0.0000,0.1250,0.1250,"Sanechek: Lost Coins, Jokerina: Lust Card, Tomorrow's Love Puzzle"
tag,raw-tag,Cooking,cooking,Other,6,4,2,10,0.1250,0.0000,-0.1250,"POJANGMACHA : Korean Street Food Management Simulator, AIKO: AI Girlfriend 3D Life Sim, Kinny and the Cosmic Cauldron"
tag,raw-tag,Cozy,cozy,Indie & Casual,22,10,12,32,0.6250,0.0000,-0.6250,"With Me: Aquatic Time, Rooftop Garden, Little Fires"
tag,raw-tag,Crafting,crafting,Other,11,17,-6,28,-0.5000,-0.2500,0.2500,"100FRIENDS, Divide TCG, Dodge-imals"
tag,raw-tag,Creature Collector,creature collector,Other,8,2,6,10,0.5000,-0.1250,-0.6250,"Nested Lands, UP TO THE SKY, Horse Runner DX"
tag,raw-tag,Crime,crime,Other,5,2,3,7,0.3750,0.1250,-0.2500,"The Posthumous Investigation, Veils of the Past, Hope in the City"
tag,raw-tag,Crowdfunded,crowdfunded,Other,1,1,0,2,0.0000,0.0000,0.0000,Crown Of Hispania
tag,raw-tag,CRPG,crpg,Other,1,4,-3,5,-0.2500,0.1250,0.3750,"Xenonauts 2, 纤维, Silent Orbits"
tag,raw-tag,Cult Classic,cult classic,Other,0,1,-1,1,-0.1250,0.0000,0.1250,Shakes and Fidget
tag,raw-tag,Cute,cute,Indie & Casual,35,33,2,68,-0.2500,-0.8750,-0.6250,"Pretty Girl Puzzle · Summer Phantom, With Me: Aquatic Time, Xenonauts 2"
tag,raw-tag,Cyberpunk,cyberpunk,Other,13,4,9,17,0.2500,0.0000,-0.2500,"Fall in Flowers - フォール イン フラワーズ, Game Settings, 驱入虚空"
tag,raw-tag,Cycling,cycling,Other,0,1,-1,1,0.0000,0.0000,0.0000,Beat For Speed
tag,raw-tag,Dark,dark,Atmosphere & Horror,27,24,3,51,0.3750,0.0000,-0.3750,"The Floor Above, Black Jacket, Brno Transit"
tag,raw-tag,Dark Comedy,dark comedy,Other,2,3,-1,5,0.1250,-0.2500,-0.3750,"Major Mutt, Come to my party!, Fine Dying"
tag,raw-tag,Dark Fantasy,dark fantasy,Other,14,15,-1,29,-0.3750,0.1250,0.5000,"Eternal Hunger, Xenonauts 2, Telluria: Forebodings"
tag,raw-tag,Dark Humor,dark humor,Other,10,10,0,20,0.2500,0.1250,-0.1250,"One More 6ix, Xenonauts 2, Blank Slate"
tag,raw-tag,Dating Sim,dating sim,Other,10,5,5,15,0.1250,0.1250,0.0000,"Pretty Girl Puzzle · Summer Phantom, Jokerina: Lust Card, Come to my party!"
tag,raw-tag,Deckbuilding,deckbuilding,Other,11,2,9,13,0.1250,0.2500,0.1250,"七神器, Divide TCG, Pop!chinko"
tag,raw-tag,Demons,demons,Other,6,12,-6,18,-0.3750,-0.1250,0.2500,"封魔剑魂, Indignum, Lands of Fury"
tag,raw-tag,Design & Illustration,design & illustration,Other,3,2,1,5,-0.1250,0.1250,0.2500,"Little Fires, Circuit Artist, Little Houses of Bloomwood"
tag,raw-tag,Destruction,destruction,Other,2,8,-6,10,0.0000,-0.1250,-0.1250,"Zigdig, Gobocore: Goblin Rescue Squad , Streets of Miami VR"
tag,raw-tag,Detective,detective,Other,2,2,0,4,0.1250,0.0000,-0.1250,"North Hunt, KunKunNest, Stardream"
tag,raw-tag,Dice,dice,Other,0,1,-1,1,0.0000,-0.1250,-0.1250,Fortune Avenue
tag,raw-tag,Difficult,difficult,Action & Combat,32,12,20,44,1.0000,0.3750,-0.6250,"Biped 2, Fallen Tear: The Ascension, Keep the Balance"
tag,raw-tag,Dinosaurs,dinosaurs,Other,0,1,-1,1,0.0000,0.0000,0.0000,BioMech Vendetta
tag,raw-tag,Diplomacy,diplomacy,Other,3,2,1,5,0.0000,0.1250,0.1250,"Under Protocol, Double Dealers, Crown Of Hispania"
tag,raw-tag,Dog,dog,Other,1,2,-1,3,0.0000,0.0000,0.0000,"MyDear.exe, Meat Market, Habitat Toxica"
tag,raw-tag,Dragons,dragons,Other,3,3,0,6,0.2500,-0.1250,-0.3750,"Indignum, Teddy's Haven - A Fantasy Inspired Shop Simulator, Tears of Adria"
tag,raw-tag,Drama,drama,Other,15,17,-2,32,-0.7500,0.3750,1.1250,"Darker: Chapter 1, Sanechek: Lost Coins, Subliminal"
tag,raw-tag,Driving,driving,Other,7,1,6,8,0.2500,0.1250,-0.1250,"Tank Havoc, Friendly Steps, SIRENS"
tag,raw-tag,Dungeon Crawler,dungeon crawler,Other,13,11,2,24,-0.1250,0.3750,0.5000,"Eternal Hunger, 封魔剑魂, 100FRIENDS"
tag,raw-tag,Dwarf,dwarf,Other,1,0,1,1,0.1250,0.0000,-0.1250,Goldrot
tag,raw-tag,Dynamic Narration,dynamic narration,Other,0,2,-2,2,-0.1250,-0.1250,0.0000,"Last Dawn: Helios, One Way Mirror: AI"
tag,raw-tag,Dystopian,dystopian,Other,4,9,-5,13,-0.2500,0.1250,0.3750,"Mad Metal, アニマロイドガール, Cheat Line"
tag,raw-tag,Early Access,early access,Lifecycle & Business Model,59,63,-4,122,-0.1250,-0.1250,0.0000,"Game Saloon Simulator, Ignarus, Jupiter"
tag,raw-tag,Economy,economy,Other,9,11,-2,20,-0.1250,0.0000,0.1250,"Canter Cove, Idle AI Factory, Market Moe"
tag,raw-tag,Education,education,Other,5,6,-1,11,-0.3750,0.2500,0.6250,"Chess Kingdom, With Me: Aquatic Time, MoonNight Shift"
tag,raw-tag,Electronic Music,electronic music,Other,2,1,1,3,0.0000,0.0000,0.0000,"Warm Inside, HYPERBEAT, Night Club Simulator: Party King"
tag,raw-tag,Elf,elf,Other,0,1,-1,1,-0.1250,0.0000,0.1250,Undead Tide: Light's Defense
tag,raw-tag,Emotional,emotional,Other,16,11,5,27,0.2500,-0.1250,-0.3750,"POJANGMACHA : Korean Street Food Management Simulator, Sanechek: Lost Coins, AIKO: AI Girlfriend 3D Life Sim"
tag,raw-tag,Epic,epic,Other,1,0,1,1,0.0000,0.0000,0.0000,成为皇帝！我的万亿美女星球帝国
tag,raw-tag,Episodic,episodic,Other,1,0,1,1,0.1250,0.0000,-0.1250,Unseen - Someone
tag,raw-tag,Escape Room,escape room,Other,2,1,1,3,0.0000,0.0000,0.0000,"Subliminal, The Failed, Scenic"
tag,raw-tag,eSports,esports,Other,3,4,-1,7,0.0000,-0.1250,-0.1250,"Tank Havoc, DODORI, Track Day: From Street to Circuit"
tag,raw-tag,Experience,experience,Other,1,0,1,1,0.1250,0.0000,-0.1250,Gridworld
tag,raw-tag,Experimental,experimental,Other,3,0,3,3,0.2500,0.0000,-0.2500,"Chaosfall, Biocybernetic Trap, Ringbound"
tag,raw-tag,Exploration,exploration,Adventure & Story,36,28,8,64,-0.1250,0.2500,0.3750,"Quack Hunters, The Posthumous Investigation, AIKO: AI Girlfriend 3D Life Sim"
tag,raw-tag,Extraction Shooter,extraction shooter,Other,1,0,1,1,0.0000,0.0000,0.0000,Madnessarum
tag,raw-tag,Faith,faith,Other,3,0,3,3,0.0000,0.1250,0.1250,"Conviction, 卜卦 / Divination, Foul Deeds of Iblis"
tag,raw-tag,Family Friendly,family friendly,Indie & Casual,22,19,3,41,0.1250,0.1250,0.0000,"Biped 2, Black Hole Fishing, OddFauna : Secret of the Terrabeast"
tag,raw-tag,Fantasy,fantasy,RPG & Fantasy,32,33,-1,65,-0.6250,0.6250,1.2500,"Bootstrap, Dread Admiral, Eternal Hunger"
tag,raw-tag,Farming,farming,Other,2,2,0,4,0.0000,-0.1250,-0.1250,"Rooftop Garden, Rune Factory 5, My Heaven's Dale"
tag,raw-tag,Farming Sim,farming sim,Other,4,2,2,6,-0.1250,0.0000,0.1250,"Black Hole Fishing, Rooftop Garden, Frog Island"
tag,raw-tag,Fast-Paced,fast-paced,Other,11,9,2,20,0.3750,0.1250,-0.2500,"Zigdig, Shape of Dreams, Indoor Baseball"
tag,raw-tag,Female Protagonist,female protagonist,Other,17,13,4,30,0.0000,-0.1250,-0.1250,"Darker: Chapter 1, AIKO: AI Girlfriend 3D Life Sim, Island of Giant Trees"
tag,raw-tag,Fighting,fighting,Other,2,0,2,2,0.1250,0.1250,0.0000,"Sim: Heavyweight Boxing Champion, Ninja Vs Bomb"
tag,raw-tag,First-Person,first-person,Other,21,17,4,38,-0.2500,0.1250,0.3750,"Before the Silence Claims: In Absentia, Drunkslop: Pub crawl COOP, Quack Hunters"
tag,raw-tag,Fishing,fishing,Other,2,2,0,4,0.0000,0.0000,0.0000,"Ferry Good Day, Isle of Food, Dogwood"
tag,raw-tag,Flight,flight,Other,0,4,-4,4,-0.2500,0.0000,0.2500,"Streets of Miami VR, UP TO THE SKY, The Wide Open Sky is Running out of Catfish"
tag,raw-tag,FMV,fmv,Other,0,1,-1,1,0.0000,0.0000,0.0000,Scientific project: Optic
tag,raw-tag,Foreign,foreign,Other,0,1,-1,1,0.0000,0.0000,0.0000,Cardtonia
tag,raw-tag,FPS,fps,Other,8,11,-3,19,0.0000,0.0000,0.0000,"Car Rental Simulator: Prologue - Early Days, Cheat Line, Scientific project: Optic"
tag,raw-tag,Free to Play,free to play,Lifecycle & Business Model,40,14,26,54,1.1250,0.0000,-1.1250,"Bio Inc. Redemption, 封魔剑魂, Astroloco: Worst Contact"
tag,raw-tag,Funny,funny,Indie & Casual,30,23,7,53,0.2500,0.1250,-0.1250,"One More 6ix, POJANGMACHA : Korean Street Food Management Simulator, Quack Hunters"
tag,raw-tag,Futuristic,futuristic,Other,13,11,2,24,0.1250,-0.1250,-0.2500,"Telluria: Forebodings, DODORI, Rogue Drone Hunter"
tag,raw-tag,Gambling,gambling,Other,5,25,-20,30,-0.2500,0.1250,0.3750,"Grand Gammon, Joker Madness 🃏, Slots & Diapers"
tag,raw-tag,Game Development,game development,Other,2,1,1,3,0.0000,-0.1250,-0.1250,"Ovidius (Blood for Love), PatchWorld, HAELE 3D - Feet Poses Pro - Drawing References"
tag,raw-tag,Games Workshop,games workshop,Other,0,1,-1,1,0.0000,0.0000,0.0000,Little Houses of Bloomwood
tag,raw-tag,God Game,god game,Other,3,4,-1,7,-0.1250,-0.1250,0.0000,"Bio Inc. Redemption, Extinction Day, MMORPG Tycoon 2"
tag,raw-tag,Golf,golf,Other,2,1,1,3,0.0000,0.0000,0.0000,"This Is Golf, Super Serious Golf"
tag,raw-tag,Gore,gore,Other,11,14,-3,25,0.0000,-0.2500,-0.2500,"CardForge, Fear Faith, Nested Lands"
tag,raw-tag,Gothic,gothic,Other,4,1,3,5,0.2500,0.0000,-0.2500,"Cat Mirror, Gladiatory, Fine Dying"
tag,raw-tag,Grand Strategy,grand strategy,Other,0,4,-4,4,-0.3750,0.0000,0.3750,"Home Before Winter (HBW), College Basketball Manager, Songs of Silence"
tag,raw-tag,Great Soundtrack,great soundtrack,Other,10,5,5,15,0.2500,-0.1250,-0.3750,"Before the Silence Claims: In Absentia, Arcadia Cafe, Beats Of Fury"
tag,raw-tag,Grid-Based Movement,grid-based movement,Other,8,4,4,12,0.3750,0.2500,-0.1250,"BROKEN SOUL : Boss Rush, The Bed Above My Head, Project - Labyrinth"
tag,raw-tag,Gun Customization,gun customization,Other,1,4,-3,5,-0.2500,0.0000,0.2500,"Chop Chains, Responding, Sphere Fight"
tag,raw-tag,Hack and Slash,hack and slash,Other,17,8,9,25,0.2500,0.3750,0.1250,"封魔剑魂, Crazy odyssey, Rogue Drone Hunter"
tag,raw-tag,Hacking,hacking,Other,1,1,0,2,-0.1250,0.0000,0.1250,"Land Of Opportunities, Anti-Virus Squad"
tag,raw-tag,Hand-drawn,hand-drawn,Other,12,12,0,24,0.1250,-0.2500,-0.3750,"OddFauna : Secret of the Terrabeast, The Posthumous Investigation, Rogue Drone Hunter"
tag,raw-tag,Heist,heist,Other,0,1,-1,1,-0.1250,0.0000,0.1250,Absorber: Absorb Adapt Survive
tag,raw-tag,Hentai,hentai,Other,28,14,14,42,0.5000,0.3750,-0.1250,"Multiplier Goblin, Pretty Girl Puzzle · Summer Phantom, Taimanin Squad"
tag,raw-tag,Hero Shooter,hero shooter,Other,1,1,0,2,0.1250,0.0000,-0.1250,STAR TALE: Odyssey One
tag,raw-tag,Hex Grid,hex grid,Other,1,2,-1,3,0.1250,-0.1250,-0.2500,"Terrafactory: Idle Planet, Valefor 2, Dotu"
tag,raw-tag,Hidden Object,hidden object,Other,6,9,-3,15,-0.3750,-0.3750,0.0000,"The Floor Above, Cozy Cleaner, Miner Open Chests"
tag,raw-tag,Historical,historical,Other,5,6,-1,11,0.1250,-0.2500,-0.3750,"The Posthumous Investigation, Tokatonton: One-Armed Blacksmith, 长干里酒吧"
tag,raw-tag,Hockey,hockey,Other,0,1,-1,1,-0.1250,0.0000,0.1250,Super Chaos
tag,raw-tag,Horror,horror,Other,24,12,12,36,0.2500,0.3750,0.1250,"Quack Hunters, The Floor Above, Xenonauts 2"
tag,raw-tag,Horses,horses,Other,0,1,-1,1,0.0000,0.0000,0.0000,Habitat Toxica
tag,raw-tag,Hunting,hunting,Other,2,1,1,3,0.1250,0.1250,0.0000,"Quack Hunters, Habitat Toxica, SCUM"
tag,raw-tag,Idler,idler,Other,12,5,7,17,0.2500,0.3750,0.1250,"Crazy odyssey, CropChampion, Limitless Survivors"
tag,raw-tag,Illuminati,illuminati,Other,1,0,1,1,0.0000,0.0000,0.0000,Keepers: Fractured Realities
tag,raw-tag,Immersive,immersive,Other,5,3,2,8,0.3750,-0.1250,-0.5000,"With Me: Aquatic Time, Scenic, Little Houses of Bloomwood"
tag,raw-tag,Immersive Sim,immersive sim,Other,14,18,-4,32,-0.1250,-0.3750,-0.2500,"Before the Silence Claims: In Absentia, POJANGMACHA : Korean Street Food Management Simulator, Tavern Legends"
tag,raw-tag,Indie,indie,Indie & Casual,112,79,33,191,2.5000,-0.1250,-2.6250,"4 Penny Coffins, Fear Faith, One More 6ix"
tag,raw-tag,Intentionally Awkward Controls,intentionally awkward controls,Other,0,1,-1,1,-0.1250,0.0000,0.1250,Super Chaos
tag,raw-tag,Interactive Fiction,interactive fiction,Other,18,12,6,30,0.1250,0.0000,-0.1250,"Come to my party!, Seven Nights In The Dark, Streetlight Syndicate"
tag,raw-tag,Inventory Management,inventory management,Other,17,17,0,34,0.3750,0.0000,-0.3750,"Eternal Hunger, Global City, Gobocore: Goblin Rescue Squad "
tag,raw-tag,Investigation,investigation,Other,11,6,5,17,0.2500,0.1250,-0.1250,"Subliminal, Case File: Archived 3:12AM, Scientific project: Optic"
tag,raw-tag,Isometric,isometric,Other,9,10,-1,19,-0.3750,0.1250,0.5000,"Culdcept The First Saturn Tribute, Malhaar, Shadowstalk"
tag,raw-tag,Job Simulator,job simulator,Simulation & Sandbox,17,3,14,20,1.2500,0.0000,-1.2500,"Kinny and the Cosmic Cauldron, Extreme Forklifting 3, 86'd"
tag,raw-tag,JRPG,jrpg,Other,2,1,1,3,0.1250,0.1250,0.0000,"Fallen Tear: The Ascension, Arm of the Prince, DopePie Survivors 3D"
tag,raw-tag,Jump Scare,jump scare,Other,1,1,0,2,-0.1250,0.0000,0.1250,"Market Moe, Flick"
tag,raw-tag,Kickstarter,kickstarter,Other,1,1,0,2,0.0000,0.0000,0.0000,"Monster Crown: Sin Eater, DG2: Defense Grid 2"
tag,raw-tag,LEGO,lego,Other,0,1,-1,1,0.0000,0.0000,0.0000,ワンコワンコ大作戦
tag,raw-tag,Level Editor,level editor,Other,6,6,0,12,0.2500,0.0000,-0.2500,"The Secret Story, 戚继光 Qi Jiguang: Art of War, Aimlabs"
tag,raw-tag,LGBTQ+,lgbtq+,Other,15,13,2,28,0.2500,0.0000,-0.2500,"SILENT HILL: Townfall, Squeakross: Home Squeak Home, Five Nights at Freddy's: Help Wanted 2"
tag,raw-tag,Life Sim,life sim,Other,11,12,-1,23,-0.2500,0.2500,0.5000,"Nested Lands, Sanechek: Lost Coins, Terrafactory: Idle Planet"
tag,raw-tag,Linear,linear,Other,9,19,-10,28,-0.7500,-0.2500,0.5000,"Biped 2, Conviction, Quaxum Color Mayhem"
tag,raw-tag,Local Co-Op,local co-op,Other,8,7,1,15,0.0000,0.0000,0.0000,"Underwater Duo, NBA 2K26, ONE PIECE Bounty Rush"
tag,raw-tag,Local Multiplayer,local multiplayer,Other,16,10,6,26,-0.2500,0.1250,0.3750,"サンリオキャラクターズ スマッシュフェスタ！, FiresOut!, Field of Heroes"
tag,raw-tag,Logic,logic,Other,5,12,-7,17,-0.1250,-0.6250,-0.5000,"The Noble Quran, The Posthumous Investigation, Joker Madness 🃏"
tag,raw-tag,Loot,loot,Other,14,8,6,22,0.3750,0.1250,-0.2500,"Explodey Towers, Power Of The Horde, Crazy odyssey"
tag,raw-tag,Looter Shooter,looter shooter,Other,2,2,0,4,0.0000,0.0000,0.0000,"Black Dragon Mage, Helluva Heist, Blood Bear"
tag,raw-tag,Lore-Rich,lore-rich,Other,15,9,6,24,0.1250,0.1250,0.0000,"Before the Silence Claims: In Absentia, Sanechek: Lost Coins, The Floor Above"
tag,raw-tag,Lovecraftian,lovecraftian,Other,4,0,4,4,0.2500,0.1250,-0.1250,"Conviction, The Occultist, Wall Of Insanity 2"
tag,raw-tag,Magic,magic,Other,15,12,3,27,-0.2500,-0.1250,0.1250,"Clockwillows™ Voy Quest, Shape of Dreams, Indignum"
tag,raw-tag,Management,management,Strategy & Management,23,13,10,36,0.7500,0.0000,-0.7500,"Power Of The Horde, Dread Admiral, Rooftop Garden"
tag,raw-tag,Martial Arts,martial arts,Other,1,2,-1,3,0.1250,0.0000,-0.1250,"Red Masked Ronin: Desires and Shadows, 英雄传奇, Battle Mutants"
tag,raw-tag,Massively Multiplayer,massively multiplayer,Play Modes & Social,7,8,-1,15,0.2500,-0.1250,-0.3750,"封魔剑魂, Fortune Avenue, Global City"
tag,raw-tag,Match 3,match 3,Other,0,2,-2,2,0.0000,-0.1250,-0.1250,"Pretty Girl Puzzle · Summer Phantom, Perfect Castle"
tag,raw-tag,Mature,mature,Other,11,2,9,13,0.3750,0.5000,0.1250,"My Horny Roomies, Ovidius (Blood for Love), Pretty Girl Puzzle · Summer Phantom"
tag,raw-tag,Mechs,mechs,Other,2,1,1,3,0.1250,0.1250,0.0000,"DODORI, Aeons Echo, Celestial Fragments"
tag,raw-tag,Medical Sim,medical sim,Other,0,2,-2,2,-0.2500,0.0000,0.2500,"Responding, Microlandia"
tag,raw-tag,Medieval,medieval,RPG & Fantasy,20,11,9,31,0.5000,-0.5000,-1.0000,"Explodey Towers, Fear Faith, Power Of The Horde"
tag,raw-tag,Memes,memes,Other,6,1,5,7,-0.1250,0.2500,0.3750,"Joker Madness 🃏, KunKunNest, NeNeKoNeKo"
tag,raw-tag,Metroidvania,metroidvania,Other,3,3,0,6,0.0000,-0.1250,-0.1250,"YanYueDao Kill, Fading Faith, HYDROPUNK"
tag,raw-tag,Military,military,Other,3,6,-3,9,-0.3750,-0.2500,0.1250,"胶囊军团, DODORI, Quaxum Color Mayhem"
tag,raw-tag,Mini Golf,mini golf,Other,0,1,-1,1,-0.1250,0.0000,0.1250,Don't Fall
tag,raw-tag,Minigames,minigames,Other,1,1,0,2,0.1250,0.0000,-0.1250,"Mistbound, Cube Foundry"
tag,raw-tag,Minimalist,minimalist,Other,19,13,6,32,0.1250,-0.1250,-0.2500,"Harpoon Arena, Terrafactory: Idle Planet, Dodge-imals"
tag,raw-tag,Mining,mining,Other,5,2,3,7,0.1250,0.2500,0.1250,"Zigdig, Space Stone Smashing Simulator, Idle AI Factory"
tag,raw-tag,MMORPG,mmorpg,Other,6,3,3,9,0.0000,0.2500,0.2500,"polity, Crazy odyssey, MMORPG Tycoon 2"
tag,raw-tag,MOBA,moba,Other,4,1,3,5,0.1250,0.2500,0.1250,"Shape of Dreams, Marvel Rivals, ONE PIECE Bounty Rush"
tag,raw-tag,Mod,mod,Other,0,1,-1,1,0.0000,0.0000,0.0000,Little Houses of Bloomwood
tag,raw-tag,Modern,modern,Other,5,1,4,6,0.2500,0.0000,-0.2500,"Territorial Conquest, Empyrean Defense, Teachers. With Love and Passion."
tag,raw-tag,Mouse only,mouse only,Other,1,0,1,1,0.0000,0.0000,0.0000,Dark Age Dinos
tag,raw-tag,Multiplayer,multiplayer,Play Modes & Social,45,29,16,74,0.8750,0.3750,-0.5000,"Depths Of Horror: Mushroom Day, One More 6ix, With Me: Aquatic Time"
tag,raw-tag,Multiple Endings,multiple endings,Other,20,17,3,37,0.1250,0.5000,0.3750,"Before the Silence Claims: In Absentia, Ovidius (Blood for Love), Brno Transit"
tag,raw-tag,Music,music,Other,9,1,8,10,0.3750,0.2500,-0.1250,"With Me: Aquatic Time, Rizuhuritan! Rhythmic Flip (Re)Turn, Dewdrop"
tag,raw-tag,Music-Based Procedural Generation,music-based procedural generation,Other,0,2,-2,2,0.0000,-0.1250,-0.1250,"DODORI, Beat For Speed"
tag,raw-tag,Mystery,mystery,Other,19,12,7,31,0.3750,-0.1250,-0.5000,"Before the Silence Claims: In Absentia, The Floor Above, ROGOLF"
tag,raw-tag,Mystery Dungeon,mystery dungeon,Other,3,3,0,6,0.1250,-0.1250,-0.2500,"The Bed Above My Head, Dead Beyond, Dungeon Fortress : Overlord"
tag,raw-tag,Mythology,mythology,Other,2,6,-4,8,0.1250,-0.1250,-0.2500,"BROKEN SOUL : Boss Rush, Anant Express, UP TO THE SKY"
tag,raw-tag,Narration,narration,Other,11,6,5,17,0.5000,0.1250,-0.3750,"Bootstrap, Sanechek: Lost Coins, The Worlds of Narayana VR"
tag,raw-tag,Narrative,narrative,Other,8,2,6,10,0.3750,0.3750,0.0000,"Ovidius (Blood for Love), Love vs Lust: The story of a Gigolo, Come to my party!"
tag,raw-tag,Nature,nature,Other,12,17,-5,29,-0.7500,0.0000,0.7500,"Black Hole Fishing, With Me: Aquatic Time, The Worlds of Narayana VR"
tag,raw-tag,Naval,naval,Other,2,2,0,4,0.0000,0.0000,0.0000,"Dread Admiral, FULL METAL COFFIN, 郑成功传 Clash of Armadas: Koxinga"
tag,raw-tag,Naval Combat,naval combat,Other,3,1,2,4,0.2500,0.0000,-0.2500,"Dread Admiral, Penguin Pirates, Splash Adventure: The Maze of Morla"
tag,raw-tag,Noir,noir,Other,4,5,-1,9,0.1250,-0.1250,-0.2500,"Black Jacket, アニマロイドガール, Judge SIM"
tag,raw-tag,Nonlinear,nonlinear,Other,4,6,-2,10,-0.2500,0.0000,0.2500,"Xenonauts 2, The Vault, Arcadia Cafe"
tag,raw-tag,Nostalgia,nostalgia,Other,1,1,0,2,0.1250,0.0000,-0.1250,"Miner Open Chests, Thomas & Friends™: Wonders of Sodor"
tag,raw-tag,NSFW,nsfw,Other,18,2,16,20,0.5000,0.5000,0.0000,"Pretty Girl Puzzle · Summer Phantom, AIKO: AI Girlfriend 3D Life Sim, The Ghost’s Intimate Cure"
tag,raw-tag,Nudity,nudity,Other,13,11,2,24,-0.2500,0.5000,0.7500,"TEKKEN 8, The Witch's Disciples, 潔姊不要停"
tag,raw-tag,Old School,old school,Other,14,8,6,22,-0.1250,0.5000,0.6250,"Clockwillows™ Voy Quest, FZ: Formation Z, Power Of The Horde"
tag,raw-tag,On-Rails Shooter,on-rails shooter,Other,1,2,-1,3,-0.1250,0.0000,0.1250,"Hyperlane Highway, Kleopatra"
tag,raw-tag,Online Co-Op,online co-op,Play Modes & Social,25,15,10,40,0.6250,0.1250,-0.5000,"Fortune Avenue, Madnessarum, Tank Havoc"
tag,raw-tag,Open World,open world,Other,15,15,0,30,-0.1250,0.3750,0.5000,"Komadori Inn, OddFauna : Secret of the Terrabeast, Brno Transit"
tag,raw-tag,Open World Survival Craft,open world survival craft,Other,1,1,0,2,0.0000,0.0000,0.0000,"Long Drive North: Co-Op RV Simulator, Neolithic Dawn"
tag,raw-tag,Otome,otome,Other,4,8,-4,12,-0.7500,0.2500,1.0000,"Darker: Chapter 1, Sanechek: Lost Coins, Deathwish Bloom"
tag,raw-tag,Parkour,parkour,Other,5,4,1,9,0.1250,0.2500,0.1250,"Animal Falling, Chaos Budz, Good Luck"
tag,raw-tag,Parody,parody,Other,2,2,0,4,0.1250,0.0000,-0.1250,"One More 6ix, Come to my party!, Bouncemasters"
tag,raw-tag,Party,party,Other,3,1,2,4,-0.1250,0.1250,0.2500,"Trolling Bowling, Gobocore: Goblin Rescue Squad , Battle Brewers"
tag,raw-tag,Party Game,party game,Play Modes & Social,15,6,9,21,0.7500,0.0000,-0.7500,"Chaos Budz, This Is Golf, Dodge-imals"
tag,raw-tag,Party-Based RPG,party-based rpg,Other,5,6,-1,11,0.1250,0.0000,-0.1250,"North Hunt, 100FRIENDS, Lootbane"
tag,raw-tag,Perma Death,perma death,Other,10,5,5,15,0.1250,0.1250,0.0000,"Eternal Hunger, Rotminers, Absorber: Absorb Adapt Survive"
tag,raw-tag,Philosophical,philosophical,Other,4,2,2,6,0.0000,0.0000,0.0000,"Pigeon: A Love Story, アニマロイドガール, Scientific project: Optic"
tag,raw-tag,Photo Editing,photo editing,Other,1,0,1,1,0.0000,0.0000,0.0000,HAELE 3D - Feet Poses Pro - Drawing References
tag,raw-tag,Physics,physics,Simulation & Sandbox,27,13,14,40,0.1250,0.7500,0.6250,"Drunkslop: Pub crawl COOP, Quack Hunters, Underwater Duo"
tag,raw-tag,Pirates,pirates,Other,3,3,0,6,0.2500,-0.1250,-0.3750,"What'Sub, 郑成功传 Clash of Armadas: Koxinga, Penguin Pirates"
tag,raw-tag,Pixel Graphics,pixel graphics,Visual & Format,22,22,0,44,-0.2500,0.0000,0.2500,"Fear Faith, One More 6ix, Zigdig"
tag,raw-tag,Platformer,platformer,Other,14,7,7,21,0.2500,0.3750,0.1250,"Biped 2, Sanechek: Lost Coins, Chaos Budz"
tag,raw-tag,Point & Click,point & click,Other,12,10,2,22,0.3750,-0.1250,-0.5000,"Sanechek: Lost Coins, The Posthumous Investigation, Slots & Diapers"
tag,raw-tag,Political,political,Other,5,4,1,9,0.0000,0.1250,0.1250,"Under Protocol, Life is Strange: Reunion, Hope in the City"
tag,raw-tag,Political Sim,political sim,Other,4,4,0,8,-0.2500,0.0000,0.2500,"Judge SIM, Crown Of Hispania, Second Chance at a Billion"
tag,raw-tag,Politics,politics,Other,2,1,1,3,0.0000,0.0000,0.0000,Life is Strange: Reunion
tag,raw-tag,Post-apocalyptic,post-apocalyptic,Other,10,7,3,17,0.1250,0.0000,-0.1250,"Xenonauts 2, A Toast for the End Times, UP TO THE SKY"
tag,raw-tag,Precision Platformer,precision platformer,Other,9,8,1,17,-0.1250,0.0000,0.1250,"4Wheel Challenge, Friendly Steps, Bunny Guys!"
tag,raw-tag,Procedural Generation,procedural generation,Other,20,12,8,32,0.2500,0.2500,0.0000,"Black Hole Fishing, Explodey Towers, Moving Day: Make It Home"
tag,raw-tag,Programming,programming,Other,2,3,-1,5,-0.1250,0.0000,0.1250,"Idle AI Factory, PatchWorld, Logic World"
tag,raw-tag,Psychedelic,psychedelic,Other,3,4,-1,7,0.2500,0.0000,-0.2500,"DICEASTER, The Assessment, DopeNet"
tag,raw-tag,Psychological,psychological,Other,13,9,4,22,-0.1250,0.1250,0.2500,"Pigeon: A Love Story, アニマロイドガール, Abyss Chamber"
tag,raw-tag,Psychological Horror,psychological horror,Atmosphere & Horror,22,15,7,37,0.2500,-0.1250,-0.3750,"One More 6ix, Time To Wake Up, Black Jacket"
tag,raw-tag,Puzzle,puzzle,Other,27,20,7,47,0.3750,0.0000,-0.3750,"Before the Silence Claims: In Absentia, Bootstrap, Pretty Girl Puzzle · Summer Phantom"
tag,raw-tag,Puzzle Platformer,puzzle platformer,Other,5,3,2,8,0.1250,0.0000,-0.1250,"Dev_Null’s Tower, Scientific project: Optic, Arenion"
tag,raw-tag,PvE,pve,Other,27,19,8,46,0.1250,-0.2500,-0.3750,"Biped 2, Dread Admiral, Explodey Towers"
tag,raw-tag,PvP,pvp,Other,16,9,7,25,0.2500,0.0000,-0.2500,"This Is Golf, 矮人炮弹 Dwarven Cannonball, Dodge-imals"
tag,raw-tag,Quick-Time Events,quick-time events,Other,2,10,-8,12,-0.2500,-0.1250,0.1250,"Ovidius (Blood for Love), Blind Descent, The Beast Inside"
tag,raw-tag,Racing,racing,Sports & Racing,3,9,-6,12,-0.2500,-0.2500,0.0000,"DisGo, Animal Falling, Bunny Guys!"
tag,raw-tag,Real Time Tactics,real time tactics,Other,5,11,-6,16,0.1250,-0.2500,-0.3750,"Divine Orbit, Tank Havoc, 矮人炮弹 Dwarven Cannonball"
tag,raw-tag,Real-Time,real-time,Other,2,0,2,2,0.0000,0.0000,0.0000,"Literally Just Pixels On A Screen, MMM Weird Adventure"
tag,raw-tag,Real-Time with Pause,real-time with pause,Other,2,0,2,2,0.0000,0.1250,0.1250,"Prophet Margin, Crown Of Hispania"
tag,raw-tag,Realistic,realistic,Other,19,17,2,36,0.5000,-0.2500,-0.7500,"The Floor Above, World of Warships, Madnessarum"
tag,raw-tag,Relaxing,relaxing,Indie & Casual,32,26,6,58,-0.6250,0.8750,1.5000,"One More 6ix, Pretty Girl Puzzle · Summer Phantom, AIKO: AI Girlfriend 3D Life Sim"
tag,raw-tag,Remake,remake,Other,1,0,1,1,0.0000,0.0000,0.0000,DARK SOULS II: Scholar of the First Sin
tag,raw-tag,Replay Value,replay value,Other,14,6,8,20,0.2500,0.1250,-0.1250,"Zigdig, Joker Madness 🃏, Shape of Dreams"
tag,raw-tag,Resource Management,resource management,Other,21,19,2,40,0.6250,-0.2500,-0.8750,"OddFauna : Secret of the Terrabeast, Zigdig, Go-Kart Simulator"
tag,raw-tag,Retro,retro,Visual & Format,37,23,14,60,1.3750,0.3750,-1.0000,"七神器, 封魔剑魂, Purgatory Survivors"
tag,raw-tag,Rhythm,rhythm,Other,4,0,4,4,0.3750,0.0000,-0.3750,"Beats Of Fury, Kaz, Threadline"
tag,raw-tag,Robots,robots,Other,5,4,1,9,-0.1250,0.1250,0.2500,"DIESELDOME: Oil & Blood, Fall in Flowers - フォール イン フラワーズ, Zap Blastum"
tag,raw-tag,Rock Music,rock music,Other,0,1,-1,1,0.0000,0.0000,0.0000,Beats Of Fury
tag,raw-tag,Roguelike,roguelike,Other,22,19,3,41,-0.3750,0.6250,1.0000,"Drunkslop: Pub crawl COOP, Eternal Hunger, 七神器"
tag,raw-tag,Roguelike Deckbuilder,roguelike deckbuilder,Other,7,5,2,12,0.0000,0.1250,0.1250,"ROGOLF, Black Jacket, Pop!chinko"
tag,raw-tag,Roguelite,roguelite,RPG & Fantasy,27,15,12,42,0.3750,0.2500,-0.1250,"Xenonauts 2, Zigdig, Don't Mind the Robots"
tag,raw-tag,Roguevania,roguevania,Other,3,2,1,5,0.0000,-0.1250,-0.1250,"封魔剑魂, Dungeon Fortress : Overlord, 英雄传奇"
tag,raw-tag,Romance,romance,Other,12,5,7,17,0.3750,0.2500,-0.1250,"Ovidius (Blood for Love), Xenonauts 2, Mermaids are Seafood"
tag,raw-tag,Rome,rome,Other,0,1,-1,1,0.0000,-0.1250,-0.1250,DIESELDOME: Oil & Blood
tag,raw-tag,RPG,rpg,RPG & Fantasy,41,28,13,69,-0.1250,-0.1250,0.0000,"Power Of The Horde, Pretty Girl Puzzle · Summer Phantom, Purgatory Survivors"
tag,raw-tag,RPGMaker,rpgmaker,Other,3,0,3,3,0.2500,0.1250,-0.1250,"The Witch's Disciples, SIONIC LOVE, The Inverted Tower"
tag,raw-tag,RTS,rts,Other,2,4,-2,6,-0.1250,0.0000,0.1250,"矮人炮弹 Dwarven Cannonball, Extinction Day, Crown Of Hispania"
tag,raw-tag,Runner,runner,Other,4,3,1,7,0.0000,0.0000,0.0000,"UP TO THE SKY, Rotminers, Code Velocity"
tag,raw-tag,Sailing,sailing,Other,0,1,-1,1,0.0000,0.0000,0.0000,郑成功传 Clash of Armadas: Koxinga
tag,raw-tag,Sandbox,sandbox,Simulation & Sandbox,17,17,0,34,-0.2500,0.0000,0.2500,"Nested Lands, 封魔剑魂, Global City"
tag,raw-tag,Satire,satire,Other,3,2,1,5,-0.2500,0.0000,0.2500,"Double Dealers, Land Of Opportunities, Monetaria"
tag,raw-tag,Sci-fi,sci-fi,Other,23,20,3,43,-0.1250,0.1250,0.2500,"Chronos Trap in Time, Clockwillows™ Voy Quest, Zigdig"
tag,raw-tag,Science,science,Other,2,5,-3,7,0.1250,0.0000,-0.1250,"Circuit Artist, FULL METAL COFFIN, Neolithic Dawn"
tag,raw-tag,Score Attack,score attack,Other,13,10,3,23,0.0000,0.2500,0.2500,"FZ: Formation Z, Underwater Duo, Zigdig"
tag,raw-tag,Sexual Content,sexual content,Other,24,15,9,39,-0.1250,0.5000,0.6250,"DEAD OR ALIVE 6 Last Round, Magic: The Gathering Arena, The Witch's Disciples"
tag,raw-tag,Shoot 'Em Up,shoot 'em up,Other,4,11,-7,15,0.1250,-0.3750,-0.5000,"Divine Orbit, 胶囊军团, 100FRIENDS"
tag,raw-tag,Shooter,shooter,Other,8,10,-2,18,0.0000,0.0000,0.0000,"Hyperlane Highway, KeepUp Survival, Fright Train"
tag,raw-tag,Shop Keeper,shop keeper,Other,8,4,4,12,0.2500,-0.1250,-0.3750,"POJANGMACHA : Korean Street Food Management Simulator, Rooftop Garden, Blank Slate"
tag,raw-tag,Short,short,Other,8,4,4,12,0.6250,0.0000,-0.6250,"One More 6ix, Raider Kid and the Ruby Chest, Tiny: The Last Wayfinder"
tag,raw-tag,Side Scroller,side scroller,Other,7,7,0,14,-0.2500,0.1250,0.3750,"Fallen Tear: The Ascension, FZ: Formation Z, Little Fires"
tag,raw-tag,Simulation,simulation,Simulation & Sandbox,40,38,2,78,0.2500,0.0000,-0.2500,"Hydra TD, Quack Hunters, Subliminal"
tag,raw-tag,Singleplayer,singleplayer,Play Modes & Social,104,79,25,183,-0.1250,0.7500,0.8750,"Before the Silence Claims: In Absentia, My Horny Roomies, Ovidius (Blood for Love)"
tag,raw-tag,Snow,snow,Other,1,0,1,1,0.0000,0.1250,0.1250,POJANGMACHA : Korean Street Food Management Simulator
tag,raw-tag,Social Deduction,social deduction,Other,3,2,1,5,-0.2500,0.0000,0.2500,"Double Dealers, STAB!, WISE GUYS"
tag,raw-tag,Software,software,Other,5,2,3,7,-0.1250,-0.1250,0.0000,"Chess Kingdom, 卜卦 / Divination, My Little Someone"
tag,raw-tag,Software Training,software training,Other,1,1,0,2,0.1250,0.0000,-0.1250,Aimlabs
tag,raw-tag,Sokoban,sokoban,Other,1,2,-1,3,0.0000,0.0000,0.0000,"HELLBOUND INC, Pathways & Poltergeists, MergePiece: Merge pixels into masterpieces"
tag,raw-tag,Solitaire,solitaire,Other,3,2,1,5,0.1250,0.2500,0.1250,"七神器, Rotminers, 纵横麻将 Matrix Mahjong"
tag,raw-tag,Souls-like,souls-like,Other,12,16,-4,28,0.0000,-0.2500,-0.2500,"FATAL FRAME II: Crimson Butterfly REMAKE, Miss Neko 3, DODORI"
tag,raw-tag,Soundtrack,soundtrack,Other,4,4,0,8,-0.1250,-0.1250,0.0000,"Stamperor! The Jester's Decree, 成为皇帝！我的万亿美女星球帝国, PomoTrain: Rabbit Town"
tag,raw-tag,Space,space,Other,5,12,-7,17,-0.7500,-0.2500,0.5000,"Zigdig, Redline JDM Drift, Omen"
tag,raw-tag,Space Sim,space sim,Other,2,0,2,2,0.0000,0.0000,0.0000,"Omen, 成为皇帝！我的万亿美女星球帝国"
tag,raw-tag,Spaceships,spaceships,Other,0,1,-1,1,0.0000,-0.1250,-0.1250,Quaxum Color Mayhem
tag,raw-tag,Spectacle fighter,spectacle fighter,Other,2,1,1,3,0.1250,0.1250,0.0000,"DIESELDOME: Oil & Blood, Stick Brawl, MechaCap Arena"
tag,raw-tag,Split Screen,split screen,Other,1,3,-2,4,-0.1250,-0.1250,0.0000,"ROGOLF, ONE PIECE Bounty Rush, Granblue Fantasy"
tag,raw-tag,Sports,sports,Sports & Racing,6,8,-2,14,-0.2500,0.0000,0.2500,"DODORI, Redline JDM Drift, Row Divers"
tag,raw-tag,Stealth,stealth,Other,9,6,3,15,0.0000,0.1250,0.1250,"Madnessarum, Helluva Heist, HUSHED"
tag,raw-tag,Steampunk,steampunk,Other,1,2,-1,3,0.1250,-0.2500,-0.3750,"DIESELDOME: Oil & Blood, What'Sub, Lust Manor: Leona’s Secret"
tag,raw-tag,Story Rich,story rich,Adventure & Story,38,20,18,58,0.7500,0.3750,-0.3750,"Ovidius (Blood for Love), TEKKEN 8, Xenonauts 2"
tag,raw-tag,Strategy,strategy,Strategy & Management,37,30,7,67,0.5000,0.2500,-0.2500,"Subliminal, 矮人炮弹 Dwarven Cannonball, 100FRIENDS"
tag,raw-tag,Strategy RPG,strategy rpg,Other,3,4,-1,7,-0.1250,-0.1250,0.0000,"Power Of The Horde, Explosive Track - Crazy Action Arcade Racing, Last Warrior Arena"
tag,raw-tag,Stylized,stylized,Visual & Format,43,33,10,76,0.3750,-0.1250,-0.5000,"Drunkslop: Pub crawl COOP, Luminids, Quack Hunters"
tag,raw-tag,Submarine,submarine,Other,1,1,0,2,0.0000,-0.1250,-0.1250,"What'Sub, Scrap Diver"
tag,raw-tag,Superhero,superhero,Other,0,2,-2,2,0.0000,-0.1250,-0.1250,"Taimanin Squad, Hyperlane Highway"
tag,raw-tag,Supernatural,supernatural,Other,9,5,4,14,0.1250,0.2500,0.1250,"The Floor Above, The Posthumous Investigation, The Worlds of Narayana VR"
tag,raw-tag,Surreal,surreal,Other,15,9,6,24,0.3750,0.1250,-0.2500,"Chronos Trap in Time, Xenonauts 2, Consumables"
tag,raw-tag,Survival,survival,Other,26,13,13,39,0.2500,0.7500,0.5000,"Drunkslop: Pub crawl COOP, Quack Hunters, Frontier Ferris For Adventurers"
tag,raw-tag,Survival Horror,survival horror,Other,11,13,-2,24,-0.2500,-0.1250,0.1250,"Before the Silence Claims: In Absentia, Nested Lands, Subliminal"
tag,raw-tag,Swordplay,swordplay,Other,3,2,1,5,0.0000,0.2500,0.2500,"Fear Faith, Indignum, UP TO THE SKY"
tag,raw-tag,Tabletop,tabletop,Other,5,5,0,10,0.0000,0.0000,0.0000,"Double Dealers, 卜卦 / Divination, Snooker Billiard"
tag,raw-tag,Tactical,tactical,Other,21,21,0,42,0.0000,0.2500,0.2500,"Explodey Towers, One More 6ix, Power Of The Horde"
tag,raw-tag,Tactical RPG,tactical rpg,Other,9,3,6,12,0.0000,0.1250,0.1250,"Xenonauts 2, The Specimen, Battle Brewers"
tag,raw-tag,Tanks,tanks,Other,3,0,3,3,0.3750,0.0000,-0.3750,"Hoverise Rebellion, Celestial Fragments, Splash Adventure: The Maze of Morla"
tag,raw-tag,Team-Based,team-based,Other,6,5,1,11,-0.2500,0.3750,0.6250,"Dodge-imals, Tank Havoc, What'Sub"
tag,raw-tag,Text-Based,text-based,Other,11,7,4,18,-0.2500,0.2500,0.5000,"Love vs Lust: The story of a Gigolo, The Vault, Under Protocol"
tag,raw-tag,Third Person,third person,Action & Combat,20,14,6,34,0.6250,-0.3750,-1.0000,"Nested Lands, Pigeon: A Love Story, BROKEN SOUL : Boss Rush"
tag,raw-tag,Third-Person Shooter,third-person shooter,Other,6,4,2,10,0.0000,0.0000,0.0000,"胶囊军团, Master of Chaos, Streets of Miami VR"
tag,raw-tag,Thriller,thriller,Other,11,7,4,18,-0.1250,0.1250,0.2500,"Before the Silence Claims: In Absentia, The Floor Above, Under Protocol"
tag,raw-tag,Time Attack,time attack,Other,4,0,4,4,0.0000,0.3750,0.3750,"FZ: Formation Z, Zigdig, forever-happy-town"
tag,raw-tag,Time Management,time management,Other,7,7,0,14,0.1250,-0.2500,-0.3750,"With Me: Aquatic Time, What'Sub, Idle AI Factory"
tag,raw-tag,Time Manipulation,time manipulation,Other,1,3,-2,4,-0.1250,-0.1250,0.0000,"Purgatory Survivors, Hyperlane Highway, Law of Demons"
tag,raw-tag,Top-Down,top-down,Action & Combat,28,15,13,43,0.8750,-0.2500,-1.1250,"Chess Kingdom, polity, Divine Orbit"
tag,raw-tag,Top-Down Shooter,top-down shooter,Other,4,7,-3,11,0.2500,-0.3750,-0.6250,"Zigdig, 100FRIENDS, Lands of Fury"
tag,raw-tag,Touch-Friendly,touch-friendly,Other,0,1,-1,1,0.0000,0.0000,0.0000,Back To The Collis
tag,raw-tag,Tower Defense,tower defense,Other,6,3,3,9,0.0000,0.0000,0.0000,"矮人炮弹 Dwarven Cannonball, Warnet, END US"
tag,raw-tag,TrackIR,trackir,Other,1,0,1,1,0.0000,0.0000,0.0000,Sensory Overload
tag,raw-tag,Trading,trading,Other,4,6,-2,10,-0.2500,0.0000,0.2500,"Double Dealers, Fantasy Ore Shop, Rooftop Garden"
tag,raw-tag,Trading Card Game,trading card game,Other,0,1,-1,1,-0.1250,0.0000,0.1250,BULK
tag,raw-tag,Traditional Roguelike,traditional roguelike,Other,4,2,2,6,-0.1250,0.3750,0.5000,"Chronos Trap in Time, Explodey Towers, Pop!chinko"
tag,raw-tag,Trains,trains,Other,0,2,-2,2,-0.1250,0.0000,0.1250,"Pop!chinko, shapez 2"
tag,raw-tag,Transhumanism,transhumanism,Other,1,2,-1,3,0.0000,0.0000,0.0000,"SWAPMEAT, Ashes of the Singularity II"
tag,raw-tag,Transportation,transportation,Other,1,4,-3,5,-0.1250,0.0000,0.1250,"4Wheel Challenge, Bloody Rally Show, Extreme Forklifting 3"
tag,raw-tag,Turn-Based,turn-based,Other,7,3,4,10,0.0000,0.3750,0.3750,"Xenonauts 2, Dread Admiral, Black Jacket"
tag,raw-tag,Turn-Based Combat,turn-based combat,Other,10,8,2,18,0.0000,-0.1250,-0.1250,"Eternal Hunger, 13 柱庭 Cabal 13, The Bed Above My Head"
tag,raw-tag,Turn-Based Strategy,turn-based strategy,Other,15,10,5,25,-0.1250,0.2500,0.3750,"Eternal Hunger, 13 柱庭 Cabal 13, Black Jacket"
tag,raw-tag,Turn-Based Tactics,turn-based tactics,Other,14,14,0,28,0.2500,0.1250,-0.1250,"星火燎原, 100FRIENDS, The Bed Above My Head"
tag,raw-tag,Tutorial,tutorial,Other,3,5,-2,8,-0.3750,0.0000,0.3750,"Chop Chains, The Worlds of Narayana VR, My Pet Hooligan"
tag,raw-tag,Twin Stick Shooter,twin stick shooter,Other,7,4,3,11,0.5000,-0.1250,-0.6250,"IRON SHADOW : Survival Protocol, Rogue Drone Hunter, Tank Havoc"
tag,raw-tag,Typing,typing,Other,0,1,-1,1,-0.1250,0.0000,0.1250,Drop Not Allowed
tag,raw-tag,Underground,underground,Other,1,2,-1,3,0.0000,0.0000,0.0000,"Bird Poo Game, Arenion, Field School"
tag,raw-tag,Underwater,underwater,Other,4,1,3,5,0.2500,0.2500,0.0000,"With Me: Aquatic Time, What'Sub, Super Chaos"
tag,raw-tag,Unforgiving,unforgiving,Other,2,0,2,2,0.1250,0.1250,0.0000,"Keep the Balance, Ball Pain"
tag,raw-tag,Utilities,utilities,Other,2,1,1,3,0.0000,-0.1250,-0.1250,"Terrafactory: Idle Planet, 卜卦 / Divination, HAELE 3D - Feet Poses Pro - Drawing References"
tag,raw-tag,Vampire,vampire,Other,2,1,1,3,0.0000,0.0000,0.0000,"Corner Clash, Frontier Ferris For Adventurers, Midnight Queue"
tag,raw-tag,Vehicular Combat,vehicular combat,Other,4,5,-1,9,-0.1250,0.0000,0.1250,"World of Warships, Harpoon Arena, Extreme Forklifting 3"
tag,raw-tag,Video Production,video production,Other,1,0,1,1,0.0000,0.0000,0.0000,HAELE 3D - Feet Poses Pro - Drawing References
tag,raw-tag,Villain Protagonist,villain protagonist,Other,2,0,2,2,0.2500,0.0000,-0.2500,"Mr. Sleepy Man, The Dark Queen of Mortholme"
tag,raw-tag,Violent,violent,Other,7,18,-11,25,-0.1250,-0.6250,-0.5000,"CardForge, Fear Faith, HOLY Intentions"
tag,raw-tag,Visual Novel,visual novel,Other,9,6,3,15,0.5000,0.1250,-0.3750,"Pretty Girl Puzzle · Summer Phantom, AIKO: AI Girlfriend 3D Life Sim, The Worlds of Narayana VR"
tag,raw-tag,Voxel,voxel,Other,1,2,-1,3,-0.1250,-0.1250,0.0000,"Dodge-imals, Long Drive North: Co-Op RV Simulator, Microlandia"
tag,raw-tag,VR,vr,Other,8,6,2,14,-0.2500,0.2500,0.5000,"Subliminal, The Worlds of Narayana VR, Attack on Titan 2 - A.O.T.2"
tag,raw-tag,Walking Simulator,walking simulator,Other,8,9,-1,17,-0.1250,0.2500,0.3750,"Before the Silence Claims: In Absentia, The Floor Above, Island of Giant Trees"
tag,raw-tag,War,war,Other,9,7,2,16,0.2500,0.1250,-0.1250,"Power Of The Horde, Riftborne, SIRENS"
tag,raw-tag,Wargame,wargame,Other,4,5,-1,9,0.0000,-0.2500,-0.2500,"Power Of The Horde, Warnet, Virtualord, The Virtual Conqueror"
tag,raw-tag,Werewolves,werewolves,Other,1,0,1,1,0.0000,0.0000,0.0000,Werewolf: The Inner Beast
tag,raw-tag,Wholesome,wholesome,Other,7,2,5,9,0.1250,0.2500,0.1250,"With Me: Aquatic Time, Cozy Cleaner, Tiny Ducks: Desktop Bath"
tag,raw-tag,Word Game,word game,Other,2,1,1,3,-0.1250,0.2500,0.3750,"Under Protocol, KeyBreach"
tag,raw-tag,World War II,world war ii,Other,0,1,-1,1,-0.1250,0.0000,0.1250,A Foreign World
tag,raw-tag,Zombies,zombies,Other,7,7,0,14,0.1250,0.0000,-0.1250,"UP TO THE SKY, KeepUp Survival, Fading Faith"
